%time,field.Xref0,field.Xref1,field.Xref2,field.Xref3,field.Xref4,field.Yref0,field.Yref1,field.Yref2,field.Yref3,field.Yref4,field.Xges0,field.Xges1,field.Xges2,field.Xges3,field.Xges4,field.Yges0,field.Yges1,field.Yges2,field.Yges3,field.Yges4
1717769999505725860,0.08174625230723181,0.16348531337312203,0.2452130550948186,0.3269277817976037,0.4086295575169156,0.00041908596721132875,0.0015880109059719775,0.0033853690570810197,0.005702017612696824,0.008438423921871878,0.1186578871490062,0.2328744944472584,0.34711064672828396,0.4629866420764696,0.5810266451108432,-0.004118497955040369,-0.007661165629908908,-0.011129735152896482,-0.014805124232808055,-0.018760704835641878
1717769999591285228,0.08174665436423871,0.16348825842130843,0.24522202790694073,0.32694703403854003,0.4086637014574545,0.0003535388231598136,0.0013355925024153312,0.0028370405736510137,0.004758354698851711,0.007007421761122131,0.11167549238221736,0.22457076310847157,0.3399677397642696,0.45775956397012324,0.5785504680507693,-0.0028489729449365795,-0.005541863780837622,-0.008377043327560544,-0.011609471532947927,-0.01539110702407966
1717769999673963308,0.08174697022611704,0.1634904704999591,0.24522873575972004,0.326961416628025,0.4086891604855825,0.00029516453383371974,0.0011097709550439573,0.00234430224366933,0.003906644966596702,0.005710257837966316,0.11867693123880582,0.23291097562575283,0.3471695939263028,0.4630756808697818,0.5811556724080247,-0.0032109535236009897,-0.005867131625190311,-0.00837856338651539,-0.011008961576316442,-0.013795515909434208
1717769999757656812,0.08174719965028529,0.16349210366669578,0.24523371793510376,0.3269720840771313,0.4087079175039215,0.00024242519978170997,0.0009048016225776627,0.0018950205371972726,0.003126538246425316,0.004516791725862313,0.11171096992927866,0.2246356348465446,0.3400584405236815,0.4578822041859021,0.5787148381907032,-0.001648838161688206,-0.003057586475920432,-0.004499250930569602,-0.006232676543372356,-0.008408911156118993
1717769999840617895,0.08174735719634646,0.16349330278868482,0.2452373826206905,0.3269798391183263,0.40872137556082927,0.00019407882569018968,0.0007160136094796713,0.0014792618357932583,0.0024012577366593524,0.0034019993032921147,0.11871340355296575,0.23297780393347617,0.3472620623129506,0.46318726269736155,0.5812778501912785,-0.0015628997043501199,-0.0027206662936489494,-0.0038916021362784994,-0.005330091888030135,-0.007103703747672423
1717769999921737432,0.08174766108262858,0.1634952655557012,0.24524252446942948,0.32698865626076534,0.40873213351882537,-1.3083741851533122e-05,-0.0001049185038473218,-0.0003555088641033047,-0.0008474172473075024,-0.0016671738809881122,0.1116991447231588,0.22461407157520977,0.3400517161785724,0.4579211723867403,0.5788367176093482,-0.0007402868020842845,-0.0009855550738432433,-0.001008060681829661,-0.0008320041893824024,-0.0003523141189036829
1717770000008465290,0.08174763915766063,0.16349500902279507,0.24524136769574062,0.3269852293352324,0.4087239743053011,-5.256289895757656e-05,-0.0002638815438639178,-0.0007165187253456135,-0.0014970053947197047,-0.0026974183901793533,0.118767614627127,0.23305543155954056,0.34732385589933756,0.4632228797838105,0.5812842597208071,0.0019159499545272022,0.004223616040450506,0.006755956862149898,0.009286856271848457,0.011677634262693233
1717770000089358329,0.08174759023140085,0.16349451890072414,0.2452394255367287,0.326979823909695,0.4087116407301088,-9.288054562194712e-05,-0.00042708083958652214,-0.0010891338951203883,-0.0021711202491792605,-0.0037724891904375,0.11166511421713916,0.22455013752069025,0.3399527164133182,0.4577927550970233,0.5786875353102291,0.002847941756280999,0.005635016401384481,0.008161705488860197,0.010543096796163321,0.012902486650080303
1717770000173596382,0.08174750082957626,0.1634937797292515,0.2452365751916017,0.3269720566369596,0.4086942590918352,-0.00013470271840727255,-0.0005972621567009527,-0.0014797646450741947,-0.00288166911658339,-0.004911968446718181,0.11881221722441189,0.23313523320353818,0.34741260320075823,0.4633111978485843,0.5813566492422505,0.0020760860788501807,0.00396513193881756,0.006073036966948793,0.008718516186675417,0.012077901568921147
1717770000258398056,0.0817473921311067,0.16349275875520963,0.24523261460565576,0.3269613731336618,0.4086705796214675,-0.00017875944875397423,-0.0007774715102717015,-0.001895607816799055,-0.0036421812955003585,-0.006138373287134089,0.11167287736895855,0.2245485212083391,0.33992414733125287,0.4577281070904423,0.5785772358499377,0.0032353139119140027,0.006165549009657826,0.008879466101221891,0.011598247190988353,0.014304367368512538
1717770000340778589,0.08174724704522952,0.16349135238269968,0.2452272267117687,0.3269469680907825,0.40863870557883686,-0.00022587865729195683,-0.0009712012909687212,-0.0023450051737182354,-0.004468508946510103,-0.0074783694512502875,0.11876109147556628,0.23305558714343355,0.3473280776670625,0.4632124823883763,0.5812275137365662,0.0017929330191711944,0.003322744974894732,0.004892546474348129,0.006813176155138353,0.009288163729300358
1717770000421804189,0.08174703369908849,0.1634894368645945,0.2452200021018894,0.3269276415220408,0.40859604741711464,-0.0002770282508663732,-0.001182574590648324,-0.002837900938607796,-0.005379729898569749,-0.008964369803274305,0.1116351418865852,0.22450752707213992,0.3399094178342061,0.4577105976535269,0.5785054410433079,0.0022248539547292524,0.004513974179090001,0.007270505501464161,0.010770831216097265,0.01515355521405654
1717770000508521795,0.08174673910015495,0.16348688862557317,0.2452103179448496,0.32690181382518857,0.40853865822590535,-0.0003333705698128796,-0.0014165856399802055,-0.003386442074446253,-0.006399358522258908,-0.010636664392560974,0.11867577393005824,0.23289446031732505,0.3471098110417035,0.4629516587365651,0.5809481521677552,0.004264719061874722,0.008180707790215755,0.01224869426331201,0.01672211810302786,0.021641064111191134
1717770000588347196,0.08174636577995549,0.16348346217207588,0.24519739082785813,0.326866958174812,0.40846098123843066,-0.00039633457543885014,-0.0016794197091679459,-0.004005796361101803,-0.007556978432850531,-0.012546386536228263,0.11163904269927341,0.22449711054623714,0.3398524716469243,0.4575957050358259,0.5783302614921461,0.003937063024546085,0.007797853374256063,0.011877479848074777,0.016416461992973252,0.021564335588307147
1717770000675830602,0.08174582850937875,0.16347889702318952,0.2451798235819006,0.32681955558287934,0.40835454338208665,-0.00046771293590876185,-0.0019788965798290684,-0.004715267204112468,-0.008890545845923008,-0.014759628068918416,0.11862937753251766,0.23280764830295916,0.3469682862204862,0.4627079112434312,0.5805328282066399,0.004844856692204041,0.009653088234335314,0.014952623909323969,0.021101993982095064,0.02827379015856587
1717770000757191896,0.08174518875047598,0.16347264742954865,0.24515583905839064,0.32675421488101397,0.40820654466756806,-0.0005498007257099884,-0.002325081719191299,-0.005539890928812813,-0.010449618484094368,-0.017363321751575927,0.11143332451495153,0.22409700436040075,0.3392858768060771,0.4568848709563069,0.5775013575918546,0.007085053310838445,0.014172302630018159,0.021522168343545606,0.029334802288413862,0.03765415900947143
1717770000842688560,0.0817441884662775,0.16346400936743274,0.2451224474852542,0.32666254982060533,0.407997045113257,-0.0006455824773415163,-0.002731167481962037,-0.0065126811623675025,-0.012299997610326706,-0.020473671658158377,0.11854895290800849,0.23262274681753714,0.3466379843893829,0.46222540518575944,0.5798961147148639,0.007703085671859724,0.015114027590511248,0.022781844549475273,0.031084129888643085,0.040218956667441776
1717770000927172422,0.08174290602682902,0.16345196186964722,0.245075251212649,0.32653169060361104,0.4076945371190373,-0.0007590172708102372,-0.003214736072380047,-0.007677914016061678,-0.014530472202396456,-0.0242483190534446,0.11130284017987702,0.22383715483233702,0.33887661914674677,0.45628199775356965,0.5766443882360636,0.008667720720874334,0.017464053491954554,0.02684399060076668,0.03704546149838275,0.048210335828664325
1717770001009218215,0.08174104577699375,0.16343466343053728,0.24500707522530316,0.3263406465098368,0.40724750693364103,-0.0008954310920338333,-0.0037995927963810953,-0.009095884511884676,-0.01726254747852853,-0.02890367831032742,0.11825924462921171,0.23203757162655675,0.3457306819747485,0.46094557433614625,0.5781857968016176,0.010999514009938377,0.021832586131479755,0.033220553142369116,0.04558117164790521,0.05909811894682938
1717770001090476751,0.08173832172157465,0.16340938515376005,0.2449063647203344,0.326055053672496,0.4065701494065081,-0.0010621123616222185,-0.004518478922987066,-0.010849870826228816,-0.02066446567397029,-0.03473885532662446,0.11086088235027815,0.2229304820741917,0.3374687537331857,0.4543425078710101,0.5741440931421686,0.013109194157609623,0.026470230418190917,0.04056353213979907,0.055589415702191385,0.0716837759073207
1717770001174712181,0.08173431504104837,0.1633715594366944,0.24475386689134504,0.3256168227095436,0.4055168185829781,-0.0012691795464887605,-0.005417013847980574,-0.013056125317039488,-0.024970463800393763,-0.042165477102353285,0.11772074017857469,0.23096388257673556,0.34409418421810484,0.4587155072338925,0.5753268020620468,0.015763746603688608,0.031153695291505887,0.04705174660217814,0.06393766046718548,0.08201782774126494
1717770001257315874,0.08172821256733903,0.1633134456646293,0.24451653041847365,0.32492629093367154,0.40383850799322085,-0.0015308404407118302,-0.006559332375755833,-0.01587749268838426,-0.03050446219399066,-0.05173440566273235,0.11021535703190763,0.2215140886321041,0.33510529543491513,0.4508136115521949,0.5691753886994991,0.01770842020688232,0.03631928833273888,0.056369326965240885,0.07815406812779303,0.10198472098358133
1717770001341994047,0.0817187230610559,0.16322160553705437,0.24413722302559407,0.32381197150855884,0.4011201778894531,-0.0018671614687653148,-0.008035567523448556,-0.019539508999209677,-0.0376994361773594,-0.0641253656931518,0.11596177887635539,0.2274165574504731,0.33864169980695036,0.4511697546741319,0.5654890431308569,0.02494488738634644,0.04966498676693267,0.07552517967754255,0.10312949984539033,0.13266485511375908
1717770001423806667,0.08170342884802093,0.16307263155073648,0.2435171956466634,0.3219888650806365,0.3967302714098902,-0.002306252290677283,-0.009969846392259105,-0.024340671293972545,-0.047080188018164625,-0.08000758552953208,0.10783035578922158,0.21646484622106602,0.32705508871318456,0.4395201218084669,0.5543917253289078,0.029240694918452655,0.05975543220513322,0.09214343579769277,0.1266583078272833,0.16363764184569735
1717770001508773565,0.08167832381132907,0.1628263232467202,0.24249482410279405,0.3190359918366696,0.3899284795887,-0.002886042688715316,-0.012521948903138696,-0.03062770754370178,-0.05912228542934418,-0.09961449260963731,0.11224628019856264,0.21981396872884904,0.3267884438430651,0.4346461896007542,0.543812814828536,0.03819669992264295,0.07610954187653217,0.1155703087914529,0.1574297243318524,0.20201574070637443
1717770001591555118,0.08163645240536346,0.16241924239241873,0.24084587009775016,0.3145199095292608,0.3804209948685446,-0.0036521417834234353,-0.01585990023908945,-0.038658044762614835,-0.0738361569326529,-0.12199371904648451,0.10229446111305812,0.2049747132322499,0.30909049021501217,0.41457861332701895,0.5219250928747134,0.04452056146980752,0.09083872389569907,0.13978619553957577,0.1916292183421415,0.24677395828337106
1717770001674513578,0.08156804569405497,0.16177513448401368,0.23840167372693324,0.3084961465817169,0.369382151393594,-0.004641384088515308,-0.020046390897533288,-0.0482197319428703,-0.09003920961599665,-0.14440999336854302,0.10425896449969695,0.203727321506023,0.3021292759507719,0.40097905481780644,0.5007068385620692,0.056558449254777,0.11214065387033179,0.16924447897454167,0.22903380864666445,0.29188796380044324
1717770001754175901,0.08146486339343212,0.16088162659698538,0.23542304571575773,0.30230218214276305,0.3599935227351685,-0.005828152300313704,-0.02475805943886862,-0.05800983643503291,-0.10481228101430783,-0.16260161572567502,0.0930947279964131,0.18629854741396693,0.2805306679895072,0.37592352350094377,0.47298936850240103,0.06154424652604367,0.12460070050962575,0.1901578828287756,0.25855957655309825,0.33026148008114264
1717770001842492341,0.08133953029020861,0.15996795209186293,0.23301509487078462,0.29859421748461074,0.3563091868588006,-0.007017440713807123,-0.028918927481244857,-0.0653524647738811,-0.11400713220602092,-0.1718158228725629,0.09459827402558987,0.18505396336232402,0.27472038122117254,0.36518475448766535,0.4569370220846811,0.07171446769033696,0.1409276054811541,0.21063906673710533,0.28231150956318357,0.3563404966985895
1717770001921042442,0.0812499189010068,0.15955190799270577,0.23264340718429036,0.2995968588444368,0.3605631797695033,-0.007781678239488997,-0.030848672237440828,-0.06725651111395127,-0.11405499097426348,-0.16845762155320368,0.08682569378883175,0.17458423664006006,0.26434147768349614,0.35638113869308696,0.45133111821701816,0.07023190487886138,0.14062476274760655,0.21198069032958608,0.28470283637488963,0.3591453992357238
1717770002006090641,0.08126434832765221,0.15995875501644366,0.23460992093484256,0.3048344471535563,0.37086951764315446,-0.007706711276549522,-0.029503232596027464,-0.06267047296159439,-0.10444432146043431,-0.1525925303743198,0.09462422815978318,0.18642670585600143,0.2790573663495179,0.3740653318306375,0.47193525281959325,0.0715765803347454,0.13897694955528417,0.2048787244840629,0.2706263241489486,0.33650284496542754
1717770002092624187,0.08137044621327807,0.1608746213773793,0.23762358657935406,0.3114367912492445,0.3824748940611551,-0.006837285191022858,-0.025597576711133174,-0.05363567296378389,-0.08871403342350632,-0.12913539533374882,0.0946084192528913,0.19126273572762653,0.2910279741862022,0.3938786184651884,0.5003146691927459,0.059103247816813795,0.11685801326025982,0.17421357035335852,0.23137601557800763,0.28864341795353987
1717770002172835111,0.08149380358515103,0.16177290658176152,0.24029640974691527,0.31694769624397473,0.3918060554381025,-0.005623378314540193,-0.020848493194449657,-0.043496672080476015,-0.0718670585448879,-0.1046902624200627,0.10646523864180277,0.20988483140857975,0.3143186018728299,0.42120133941024906,0.5309518503962943,0.05211669469958661,0.1000958811918229,0.1461288679152207,0.19106909102195657,0.2351267660267946
1717770002256858348,0.08158820907874487,0.1624191702471286,0.24215208175238737,0.32069745386167997,0.3980849877751759,-0.0044612375379318985,-0.016512638816480518,-0.03448376489942115,-0.057105903924745405,-0.08342762457571974,0.10528935328748441,0.21243835741928885,0.3226769139847312,0.435817511270113,0.552374149498279,0.03715690776221763,0.07254273812911013,0.1068417498240497,0.14024276394294816,0.1729762489897088
1717770002338500499,0.08164901920853777,0.16282673284549834,0.24331111821877943,0.32303195389135164,0.4019942496162276,-0.003509731964864414,-0.01302169067324852,-0.02728354065680671,-0.0453459807717841,-0.0664871170756552,0.11537607975573798,0.2267866815890514,0.338572411388685,0.4522642969516695,0.5683260456252085,0.02820760166814979,0.05370882216486462,0.07778981564090448,0.10108230037834585,0.12384572091975403
1717770002422369956,0.08168587884306554,0.16307293158605807,0.24401280532288105,0.3244508955162643,0.4043819431506592,-0.0027777234258282843,-0.010346362648151716,-0.021765654338425828,-0.03631575524538707,-0.05343977666657379,0.1102157746981578,0.22175117057657812,0.3358376770932157,0.45237984178890034,0.5719628260590529,0.01885609407422792,0.036859733094884266,0.054554595563421425,0.07224303571959934,0.09017919033984888
1717770002506652355,0.08170794780459166,0.1632217592116749,0.24443982220832394,0.325320432286009,0.40585501875471297,-0.002224391923754916,-0.008320450743261053,-0.017573452063587514,-0.02942804606872439,-0.043446797113605544,0.11766445722727348,0.23092647127069946,0.3441533467399912,0.458940750979012,0.5757820076417163,0.01630515432702501,0.03172838364935205,0.04719893109164401,0.06325050224405215,0.0801361132924574
1717770002590354681,0.08172151557302217,0.1633135612791919,0.24470531138181126,0.3258652235670456,0.4067845850783268,-0.0018047924226087077,-0.006777705838698738,-0.01436634872118527,-0.024134339949097475,-0.03573182240417155,0.11055514867892491,0.22236504634158738,0.3367175596772675,0.453519329695134,0.573385719136395,0.01572192496515346,0.03110382890812563,0.04637751160034694,0.06174907555869832,0.0772572600300605
1717770002673000097,0.08173000422389214,0.16337164378569524,0.24487476228165878,0.32621570846371695,0.40738675305949074,-0.0014826327678124,-0.005587163828211742,-0.01187895800606307,-0.02000884981940716,-0.029692095441196286,0.11792631589469008,0.2314629867979955,0.3450111051126921,0.46016635640501774,0.5774218690065666,0.014025518948622346,0.027143985591533994,0.04010253343793208,0.053370385359049206,0.0671970522880824
1717770002755576372,0.08173547827644499,0.16340943020035162,0.24498594171131044,0.32644727608793633,0.4077873362162996,-0.0012312905773796884,-0.004653362416910017,-0.009918097585137741,-0.01674120011408612,-0.024887058561005572,0.11097076686725585,0.22319949623891358,0.3379773564927137,0.45521257044718444,0.5755183465144453,0.012515324916722576,0.02451946684438461,0.036223362442494314,0.04785184796525552,0.059441001010507984
1717770002839514970,0.08173909925167579,0.1634346937297386,0.2450607392529641,0.3266042501860689,0.40806036769246823,-0.0010318197847557589,-0.00390836451152169,-0.00834597859808995,-0.014109329726176189,-0.021000310208915192,0.11832148008669956,0.23223543635380475,0.3461661023492461,0.4617138151485443,0.5793786166125919,0.010084868795538824,0.019380430740378863,0.02848852541751478,0.037828467539436424,0.047637559558167786
1717770002924088239,0.08174158286805583,0.16345194763164556,0.24511233732102117,0.32671303284012904,0.4082506951274379,-0.0008708024540227488,-0.0033039109066213624,-0.0070643825927685575,-0.01195428872966619,-0.017804515409063946,0.111339112441064,0.22392368935839255,0.3390488907783102,0.4566191370951357,0.5772458105646119,0.008693047851967273,0.01686850759316515,0.02474124265370825,0.03254921485727087,0.040323407703628175
1717770003006498336,0.08174324497051179,0.1634640428729002,0.24514857348309058,0.3267899925950551,0.4083859366472077,-0.0007386665227921241,-0.0028054470433088023,-0.006002656799126191,-0.01016128744684236,-0.015134798088517708,0.118588068539422,0.23273878544587523,0.34688852646885726,0.4626534275510272,0.5805434650939794,0.006443163049351131,0.012292229281820674,0.01802240036815081,0.0240013441352246,0.030443368868928292
1717770003087714672,0.08174451279845817,0.16347265489875984,0.24517460929172227,0.32684543425501067,0.4084837214437963,-0.0006285052630710133,-0.002387902905083465,-0.005109331178959064,-0.008646313463448307,-0.012870007424440692,0.1115326371307184,0.22430282334458534,0.3396061384414899,0.4573329445779433,0.578089042805167,0.005578013031926793,0.010826028074735023,0.016083463489336567,0.021591733824477464,0.027425616589407297
1717770003174121141,0.08174532523298982,0.16347887293128718,0.24519350831340425,0.326885893667722,0.40855529591018275,-0.0005352511396899236,-0.00203281720825462,-0.004346312017529263,-0.0073469287735341005,-0.010919726344687391,0.11867706235739439,0.23289445448756552,0.34708887776308084,0.462889894956158,0.5808150329556614,0.004950269495980873,0.009531882396133187,0.014199749561656844,0.019280151236905265,0.024936194678258517
1717770003255647420,0.08174599913183482,0.16348349262185546,0.2452075004203903,0.32691582371547806,0.4086083469187181,-0.00045513670213020573,-0.001726376975920987,-0.003684967065701074,-0.006215984535160159,-0.009215389049979152,0.11155849789637881,0.2243547577202546,0.3396925356901509,0.45746786526189737,0.578290482559909,0.004908957097664716,0.00935451513863184,0.0135340439021493,0.017655924372753203,0.021727401146877986
1717770003338464260,0.08174647046559735,0.16348690543837663,0.24521786072131116,0.3269380931573701,0.4086478679624517,-0.00038530544000273787,-0.0014580664831114565,-0.00310339127300738,-0.0052172468385395,-0.007704061155816747,0.11873688704504773,0.23301858067702944,0.3472942964769847,0.4631943676620438,0.5812390127364235,0.002766924081712566,0.005044899371837137,0.007171723599378579,0.009450664459007977,0.012060905384555228
1717770003424016952,0.08174683379291664,0.16348943588002524,0.24522560968721382,0.32695474449510775,0.4086773727147873,-0.0003235593114552476,-0.0012197452039565738,-0.0025845404693695256,-0.004322374667117812,-0.006344133217506037,0.11166850068943103,0.22456575009239294,0.33998484929931855,0.45781339936637927,0.5786542756043035,0.0019099963471332444,0.0036843384764172478,0.005703199881725099,0.008217227663668834,0.011339914074303677
1717770003505626201,0.08174707473606324,0.16349132146218098,0.2452313952593831,0.3269671439024161,0.40869926208068147,-0.0002681738648355357,-0.0010049926587198297,-0.0021148934532597605,-0.0035087602083541712,-0.0051022271706165235,0.11872549962792331,0.23298988244889324,0.3472568675536195,0.4631627477778237,0.5812369462626185,0.0026573561470074093,0.0048536452906955095,0.007020962086407971,0.009392073945630477,0.012004254313577592
1717770003590386867,0.08174727732735432,0.16349275068307595,0.24523570200531053,0.32697629029159186,0.4087152455200017,-0.00021777125626444203,-0.0008086434884526957,-0.0016835034194225848,-0.002757982585530315,-0.003950967498366991,0.11169488733439298,0.22461191029210795,0.3400393822538382,0.4578714294602752,0.5787158111340709,0.001476355480156555,0.0027046447294201705,0.003953753915863137,0.005468556553001305,0.007381494280563677
1717770003673054695,0.08174742947570618,0.16349379479610635,0.24523882185288456,0.3269828242200971,0.4087264466997353,-0.0001712257580226671,-0.000626448419700449,-0.0012812998168508865,-0.002054663782520803,-0.002867323663502482,0.11872651737561467,0.2330034274012367,0.34729510835888544,0.46322875142298886,0.5813322858410883,0.0012618085785106152,0.0022008420518861895,0.003209017800588699,0.004474086673011559,0.006021488926112552
1717770003755571365,0.08174753323499287,0.16349452828875333,0.24524097363560962,0.3269871965880323,0.4087336419348825,-0.00012759608835701775,-0.00045482467240774927,-0.0009005689799220914,-0.0013856104096653746,-0.001831354717179952,0.11173007698796389,0.22466705948242954,0.3401027297422713,0.4579674248655865,0.578880192286315,0.0008507324114730878,0.0016150859247215522,0.0024837170273101688,0.0034220761394749195,0.004379629424524054
1717770003839748859,0.08174760467583501,0.16349500926873164,0.24524230739473585,0.32698971198762633,0.40873731666345864,-8.607339398541966e-05,-0.0002906636173774861,-0.0005345514480702603,-0.000739141671462569,-0.0008252150654475561,0.11881958140043394,0.2331523144424765,0.3474535264728841,0.46340722639136633,0.5815513294804001,0.0005454430724256441,0.0010843057346844555,0.0015961330115335797,0.001990848328130517,0.0022438023446759918
1717770003923006772,0.08174764769886536,0.16349526519690274,0.24524291289576194,0.32699053066856715,0.4087377102709347,-4.5940575080043574e-05,-0.0001311788900781726,-0.00017711946515847442,-0.0001045430457173884,0.0001676661139798696,0.11179410173483528,0.22476837394834526,0.340210150123486,0.4580771447835561,0.5789883863198395,0.0002028231316247961,0.0004237916653769791,0.0004802197969243817,0.000294310624531366,-0.00015101274246053458
1717770004007736206,0.08174766167550884,0.16349531571962483,0.2452428257405863,0.32698970540352024,0.40873484865147436,-6.53928974658723e-06,2.621917128850466e-05,0.00017749454311392118,0.000528402140855634,0.001163303327566547,0.11881481577504709,0.2331424629082493,0.3474356996553861,0.46336377487131153,0.5814612578834174,-0.00024360174061110242,-0.0003667879515267962,-0.0007045191860015812,-0.0014392008441183415,-0.0026150820242270088
1717770004089210271,0.08174765404411599,0.16349516406507744,0.24524204372801142,0.3269871869759655,0.40872853964658645,3.275846103510533e-05,0.00018403383286052144,0.0005349414306022212,0.0011698426173131344,0.0021778298853407036,0.11172501128872882,0.2246577154928066,0.3400909281626213,0.4579342999577272,0.5787969368649746,-0.0007372680239820557,-0.0013373544227883727,-0.002105240168475601,-0.0032700912028988086,-0.004924745312026929
1717770004171832323,0.08174761777280519,0.16349479737517275,0.24524051396591914,0.3269827991535896,0.40871836071220496,7.25764194410951e-05,0.00034478557913838993,0.0009009898678600974,0.0018302837142240183,0.0032281827888728533,0.11874692938283427,0.23303764930227783,0.3473261070668625,0.46323635123523677,0.5812901864759181,-0.0011542861630242142,-0.002157543894973909,-0.0033657600070939025,-0.005042098130938379,-0.007297540033973943
1717770004255871534,0.081747553938546,0.16349419602478132,0.2452381307787771,0.3269762513504406,0.40870364494299777,0.00011355982068950193,0.0005111170748849538,0.0012817698435279423,0.0025210400066916967,0.004332851906826218,0.11167145311424821,0.22456856848303386,0.33999090246051894,0.45782915465604146,0.5786899162887356,-0.0017443960072765535,-0.003291007179150223,-0.004965614390954362,-0.006980949412149707,-0.009408842142825091
1717770004339296579,0.08174745917953521,0.16349331167097578,0.24523473242744676,0.32696711525052746,0.408683302952978,0.00015640279936628775,0.0006859074763774087,0.0016840446606783761,0.003254752735275269,0.005512752124733016,0.11874822503705512,0.23303484628929896,0.3473041478077279,0.4631797830306187,0.5811803004310969,-0.0017737850089628517,-0.0034407555230828507,-0.005353755177580142,-0.007800259793172307,-0.010928965744046327
1717770004423075437,0.08174731811746248,0.16349208271996105,0.24523010421010935,0.3269546852344339,0.40865580771668797,0.00020187956242749113,0.0008724056299362951,0.00211553421148962,0.004046013494863904,0.006792303468547698,0.11161571998184987,0.22447074117238988,0.3398684485505129,0.4576874296606608,0.5785319048989404,-0.0027833066526180322,-0.005393283525433585,-0.008151470349874922,-0.011271941130354271,-0.01481193777784269
1717770004505779504,0.08174712963313015,0.16349045568586568,0.24522386995041728,0.3269380139292215,0.40861891400220035,0.0002508821821630929,0.0010743939491630492,0.0025853163575341887,0.004912159130712192,0.00820081455476612,0.11874306004673937,0.23301812410260264,0.34726467375644104,0.4631133122861535,0.58108316902212,-0.002872970930343843,-0.005579994229147822,-0.008501339280864292,-0.011935505741038322,-0.01603722854630071
1717770004589768886,0.08174690712700822,0.1634882673592377,0.24521553835647486,0.32691567311909275,0.40856951700509264,0.00030446832760379263,0.0012963963742992919,0.003104350694515868,0.005874309358501341,0.00977433117437138,0.1115895523784955,0.22441863216973262,0.33978563624208447,0.45756507358807613,0.578358783752602,-0.003658612389641293,-0.007185228975549703,-0.010959440008629995,-0.015199627919117494,-0.019987064962570508
1717770004673387050,0.08174656845463608,0.16348531719234333,0.24520432107154483,0.3268857171232718,0.4085028091605922,0.00036392273413648183,0.0015439559005347443,0.003686173494796048,0.006958776520588562,0.011558125812835733,0.1186934675998049,0.2329228997597857,0.3471231740066196,0.4629160076594179,0.5808174773556509,-0.0042040393322238636,-0.008250521657262375,-0.012579297162925395,-0.017504695178062347,-0.023179784411308878
1717770004755733013,0.08174613078501142,0.16348133602687465,0.24518929508056714,0.32684511254087834,0.40841203839610374,0.00043084238376238533,0.001824009746503518,0.004347859742761039,0.008198989632658114,0.013610206983493514,0.11152470283847873,0.22428958599806836,0.3395879286416078,0.4572916861033884,0.5780017131415749,-0.005216726693206857,-0.010347354966278852,-0.015783636058258554,-0.021736824327830962,-0.028293179353797143
1717770004836223125,0.08174550378153803,0.16347601716434063,0.24516877690051078,0.3267895582744278,0.40828675940372366,0.0005072501677340647,0.0021454118529844646,0.0051113405825563285,0.00963822854240909,0.016006211475407095,0.11861860497154078,0.23277456380867634,0.34689589459101117,0.4626012213750372,0.5804044485622083,-0.005956041777761237,-0.011692692210262852,-0.017714547483437145,-0.024359140431667946,-0.0317864901149847
1717770004921951293,0.08174475800958071,0.16346869780024564,0.24514057122425112,0.32671235302816626,0.4081111224464015,0.000595759581197986,0.0025196596909475796,0.006005310003736902,0.011333481536102582,0.018846458493454104,0.11143433835829807,0.22410559263717875,0.33929708746223286,0.45687674051685967,0.5774414717333776,-0.006919565734239521,-0.013852612333871445,-0.021210861168131933,-0.02921627102791675,-0.03798366446697193
1717770005008093118,0.08174358696050803,0.16345850194535305,0.2451009298742431,0.3266030841595123,0.40786003709690194,0.000699798092583832,0.0029619509851549525,0.007067917426792376,0.01336103528878266,0.022266055765568532,0.11847277800450845,0.2324737144190422,0.34641485732660243,0.4619074230904459,0.5794583881141052,-0.008378114582934717,-0.016591081142913012,-0.025249612411400023,-0.03473699963720037,-0.04523359030741346
1717770005087839603,0.08174206855468806,0.16344410493152242,0.2450443743944775,0.3264454393861164,0.40749341917363363,0.0008239509029646532,0.0034927053731791495,0.008350740895676723,0.015824589207497256,0.026449482411791406,0.1111728770436398,0.22357333539552426,0.33847410214326845,0.4557380714481806,0.5759591806002048,-0.010112755444855247,-0.02037993535774638,-0.03125419350162203,-0.04294430690472742,-0.05557240288980237
1717770005175324916,0.08173980349772338,0.16342324744084344,0.2449617575445069,0.3262125819210829,0.4069448741009651,0.0009744345526630254,0.004139789375726411,0.009924524498089273,0.018866947065115394,0.031651064291206704,0.11813568803008745,0.231795567838421,0.3453690673116729,0.4604645009491011,0.5775848681550456,-0.012280810736163453,-0.024285317041903214,-0.03676503470612396,-0.05015100627912239,-0.06463463226579916
1717770005256201982,0.08173652362577329,0.16339243877232124,0.24483824703731938,0.32585995756549613,0.4061029717200651,0.00115982375304801,0.0049417957176307575,0.011887564163354361,0.022686595460496388,0.03822227147356443,0.11075165674804471,0.2226990182031579,0.3370910557341298,0.4537836487880116,0.5733581427076944,-0.013993918866540726,-0.028356491841413155,-0.04358307974500376,-0.05990274422489565,-0.07749713632691597
1717770005338760852,0.0817315964979864,0.16334571026699096,0.24464860741291852,0.32531167802620997,0.4047770186732028,0.0013920934779910882,0.005952775109110442,0.014377475076886442,0.027559568576347074,0.04664202628068879,0.11743592800283398,0.23035638402678077,0.34310214238459497,0.45725992740231824,0.5733150055754038,-0.017674863682201006,-0.035166129907477806,-0.053457361253782025,-0.0730792588030981,-0.09426566281255727
1717770005423472404,0.08172400877754261,0.16327286089410098,0.24434956271305933,0.3244367451990372,0.4026436473986106,0.001688126940897834,0.007248825848410499,0.01758647412802836,0.03386295279014321,0.05753189762070612,0.10960985892043727,0.2203272878269815,0.3333683064984524,0.44858838609596136,0.5665571624464615,-0.020958938097715495,-0.04264030855681652,-0.06562674541938968,-0.09013183707558,-0.11636997641384814
1717770005506840229,0.08171196118954191,0.16315628193368842,0.24386570292960028,0.3230123780795918,0.39918142979352883,0.0020717269190497693,0.008936212938990004,0.02177638111099092,0.042082594784336506,0.07159764124276308,0.11574512379549086,0.22692143119152675,0.337778789507636,0.4498989779550719,0.5637557983665556,-0.026588967761180155,-0.05283575437508351,-0.08005628548494681,-0.10890838429909842,-0.13966066635158034
1717770005589721202,0.08169249510147146,0.16296507598088086,0.2430693457155551,0.32068394942408407,0.39367050876228343,0.0025758093658944056,0.011157659596495107,0.027277351632027633,0.05274960511717284,0.08936736230823973,0.10728607902520286,0.21535395313516342,0.3253390117920437,0.43706050715325334,0.5510007584087654,-0.030598292900086862,-0.06270893242975688,-0.09701623607749345,-0.13380772282098582,-0.17347696902814028
1717770005673511266,0.08166005145868704,0.16264776352777296,0.24176341661971193,0.31699059465535734,0.38548633885150974,0.003242923364063389,0.014084002409098382,0.03442056658005545,0.06618170117134062,0.11058463727734281,0.11100937266843582,0.21725442755224075,0.3227592879043431,0.4289727240081914,0.5363160902824692,-0.041503328782983795,-0.08283503788540277,-0.12599167807408646,-0.17186575135562498,-0.2207778759714357
1717770005757787704,0.08160625367267903,0.16213075489935294,0.23972322983769032,0.3116509151128953,0.3749376093856419,0.004117992539602483,0.01785360714685171,0.043295812606990454,0.08189239015953417,0.13343749822684928,0.10034740924301373,0.20092873448634033,0.30276689184266725,0.40587440942114816,0.5107563189797595,-0.04887043834201184,-0.09957461175940338,-0.1529719635948306,-0.20933037485747286,-0.2690519394658801
1717770005842084884,0.08152084065814239,0.16135326928633822,0.23693138769220234,0.3052738168789841,0.3642220679088916,0.005216794497892652,0.022383079042209243,0.053225188666027885,0.0978504753372978,0.15433469758138663,0.1018505013336287,0.19896676591426282,0.2949762589915092,0.39141030753597056,0.48870094522706164,-0.0608674742630079,-0.12044974163955942,-0.18137614764866236,-0.2448975935269791,-0.31141250471778914
1717770005922242164,0.08140249951095242,0.16039897505352776,0.23404851344829236,0.2999568410841232,0.3572194531492553,0.006444459566310939,0.02700764413655084,0.06219072717202958,0.11037221750029351,0.1686086716027235,0.09087537061878959,0.18187326712296023,0.2738819802494541,0.36705414769225864,0.4618964683568227,-0.06475891414556076,-0.13090796170633728,-0.19946928473764503,-0.27081401046272724,-0.3454166905040856
1717770006005711078,0.0812850942943332,0.1596640731721497,0.23251146777584702,0.29845756421190195,0.3574560929050066,0.007484728009742277,0.030262776822449995,0.06712224998007685,0.11530527283868125,0.17182130717101077,0.09254346677154633,0.18128602004641498,0.2696936280766748,0.3593735394597309,0.450886472471203,-0.07435105966449924,-0.14569545447179796,-0.21689882995581786,-0.28950119987198386,-0.36383772309837126
1717770006091154575,0.08124235413360845,0.15965815135610256,0.23339037365629736,0.3018394171715322,0.3652363396068865,0.007860262875543996,0.030583079777620422,0.06571213785808858,0.11031726050620642,0.1618796375525066,0.08722877866805478,0.175754219831997,0.2666595567352796,0.36018858349793925,0.4569308565232843,-0.06976689209559872,-0.13925036399588006,-0.2092242001186044,-0.2800897829827303,-0.3522086395791634
1717770006173230886,0.08131041218729901,0.16038983920596261,0.23609073388700025,0.30815942863304024,0.3768014463178711,0.007347144474974342,0.027766144189605463,0.05849500796773098,0.09701710212863121,0.1413786984838611,0.0967180065288831,0.19070045877046157,0.28569415277760385,0.3832122009140415,0.4837189321380518,-0.06864993656929617,-0.13297380771500544,-0.19552746057463782,-0.2575789924868298,-0.31939253553900543
1717770006255301713,0.08143411520841555,0.1613489505897096,0.23905368744432298,0.31440824745156565,0.38752916133245874,0.006243092756699448,0.023228604541300348,0.048523314883473674,0.08016771579649216,0.11669306368497694,0.09712709407193798,0.1963751530855012,0.2988568331245693,0.40448026603187853,0.5137377760904044,-0.05480820287537243,-0.10801804183988631,-0.16053761475082,-0.21254426965746726,-0.26430545421358037
1717770006341514348,0.08154556639291567,0.16212991576219124,0.2413256763238011,0.3190316192049971,0.3952983886758645,0.005020869074445976,0.018585939574435727,0.038777753066470896,0.06412643204775391,0.09353418383462386,0.10904162367747745,0.2147663192538676,0.3213186855169914,0.43010663636535,0.5415251961782117,-0.04657599026148323,-0.08952206189918498,-0.13079422519748685,-0.1712235388177557,-0.21110003587217246
1717770006422428846,0.08162226569018799,0.1626479962450554,0.2428031393095569,0.3220083813143984,0.4002785957571933,0.003956544520098103,0.014657423506377838,0.030654989741937807,0.050853148807433676,0.07442469379257734,0.10646126356135113,0.21448213593510507,0.3252433444201141,0.43866837670294356,0.555308354185306,-0.0342378385518406,-0.06719581329046244,-0.09958053421510701,-0.1316565411057957,-0.16369224830133783
1717770006505830049,0.08166978112481743,0.16296538354409765,0.2437058917694613,0.32382917784140114,0.4033339361018627,0.0031184409651927596,0.011591581613037366,0.024335455521334152,0.040525058077970424,0.0595277548838505,0.11522592861911006,0.226354383507289,0.3376846101569556,0.45077619229817567,0.5661008809145214,-0.028766655802286985,-0.05538641140510675,-0.08119865390648687,-0.10685834771827227,-0.13262640202625278
1717770006591225385,0.08169828861145563,0.1631565316643707,0.2442521983194648,0.3249375394135667,0.40520505863605316,0.0024816774792728205,0.00926331661836042,0.01952670064477219,0.03264099835677619,0.048113770519367716,0.1094608649055106,0.22027351414427662,0.3336775641020503,0.44959191487347144,0.5686128864047021,-0.02240448581069164,-0.04392130387045534,-0.06513194043498292,-0.08623370510744321,-0.10736373018283446
1717770006675449848,0.08171557037219856,0.1632730526872402,0.24458784270665812,0.3256236232344071,0.40637152073453475,0.002000387319208809,0.007497775820980909,0.0158652124684024,0.02661154183178085,0.039346431343143085,0.11725114148832846,0.23025768345551098,0.34342191284898915,0.45830292029221753,0.5753926868319975,-0.018459129451627573,-0.035307520883785026,-0.05146323443357063,-0.06739834299314032,-0.083304007436957
1717770006755157470,0.0817262270999351,0.16334579257303186,0.24479918724306762,0.32605908399706535,0.4071171705341497,0.0016334031705555374,0.006145121682775503,0.013046267765499425,0.021947365511696917,0.032533460158719094,0.11094170244039775,0.2231255560691796,0.3377972586692714,0.45484815495818803,0.5748643970278559,-0.013445009804033792,-0.02654586462457158,-0.03977770650489049,-0.053438342064141164,-0.06776857022033214
1717770006840003252,0.08173302922421044,0.1633924892730978,0.24493599976649746,0.32634306505410793,0.40760671204399435,0.001349446473558593,0.005092961539893244,0.0108424187291028,0.018283420959171924,0.027157473170462566,0.1179810335663849,0.23157693120564224,0.34521269236096835,0.46051383329559586,0.5780091495191892,-0.013393015772437341,-0.025682555322959377,-0.03757966628785321,-0.04949476361307819,-0.06148620271681306
1717770006922458648,0.08173746635444713,0.16342329357949617,0.24502692630768713,0.32653311535014223,0.40793649177190827,0.001126017088382371,0.0042606609464899345,0.009090352291875006,0.015356952049411393,0.022844840391663363,0.11126475552858589,0.22377065186119702,0.3387832146407004,0.4561900466420736,0.5765835251495228,-0.010076828805768467,-0.019843358216277942,-0.029664090167042807,-0.0398022111958607,-0.05046569020398915
1717770007006346940,0.08174046254697309,0.16344412846165682,0.2450888448540264,0.32666347358784426,0.4081638459640153,0.0009471769447263222,0.0035909940773804555,0.007673812951041149,0.012980234686029126,0.01932755984079851,0.11833573007849306,0.2322611770295241,0.3462163099067855,0.4618220412938343,0.5796032078675691,-0.009692798957810963,-0.0184747469137566,-0.026999814010977615,-0.03563368515387889,-0.04445168244134656
1717770007091697931,0.08174249946281638,0.16345849837591456,0.24513200650683883,0.3267547383100434,0.40832391656307493,0.0008016074479637302,0.003043179748854653,0.0065096237881573345,0.011018380496723367,0.016412317690526274,0.1114857760954789,0.2241986685018001,0.33941015046960726,0.4570118114123862,0.5776018224710207,-0.007245619153709956,-0.014259322263117918,-0.021381589906930287,-0.02887023437087416,-0.036908409558843946
1717770007172446727,0.08174389948778699,0.16346869895278818,0.24516262927474577,0.32681991405638294,0.4084386699589586,0.0006811910716998678,0.0025878418250127803,0.005537584631776086,0.009373368960453007,0.013958036272435333,0.1185052954350339,0.2325862677295033,0.3466957296608693,0.4624554339167533,0.5803913649641949,-0.007235161431907229,-0.013686206383511985,-0.019903530684188302,-0.026211463221194314,-0.03266556175996855
1717770007257284879,0.08174497987507884,0.16347602380608092,0.245184807264191,0.32686722110863115,0.40852224412148047,0.000580025786257391,0.002203507237805005,0.004713508257961787,0.007972918939572879,0.01186026765338162,0.11160966306888245,0.2244421372977114,0.3397748675025339,0.45750361622210267,0.5782307657588234,-0.005015763954461502,-0.009773989867391534,-0.014586954298828728,-0.019713580635647918,-0.025324865811381155
1717770007340859889,0.0817456754030619,0.16348134476157572,0.2452010043752356,0.3269019543032812,0.40858378263790873,0.000493747883188174,0.0018742383182215056,0.0040044312844469705,0.0067628808683054655,0.010040431867684305,0.11862680868257326,0.23281500847092806,0.34702304646860066,0.46287016118757673,0.5808802797979131,-0.004843244488571244,-0.009084359997136035,-0.013265276704040837,-0.01767970882177279,-0.02240146822685406
1717770007423665761,0.08174625230723181,0.16348531337312203,0.2452130550948186,0.3269277817976037,0.4086295575169156,0.00041908596721132875,0.0015880109059719775,0.0033853690570810197,0.005702017612696824,0.008438423921871878,0.11165297254959376,0.2245272205300619,0.33990330624698534,0.4576727111487204,0.5784388066947578,-0.0035799081997318375,-0.007008802877965827,-0.010588721290014829,-0.014569564355418459,-0.0191034169628924
1717770007505314826,0.08174665436423871,0.16348825842130843,0.24522202790694073,0.32694703403854003,0.4086637014574545,0.0003535388231598136,0.0013355925024153312,0.0028370405736510137,0.004758354698851711,0.007007421761122131,0.11865599113106395,0.23287211792686635,0.34711397048407633,0.4630038862981721,0.5810682421236811,-0.003914002746664159,-0.007225698881419849,-0.010369079036054893,-0.013615963299258594,-0.017005375404713245
1717770007591558694,0.08174697022611704,0.1634904704999591,0.24522873575972004,0.326961416628025,0.4086891604855825,0.00029516453383371974,0.0011097709550439573,0.00234430224366933,0.003906644966596702,0.005710257837966316,0.11170088106378945,0.22461765411685888,0.3400343320847157,0.45785219616921624,0.5786785397065656,-0.002172882546681995,-0.0040857853239948975,-0.006017203843123564,-0.008225196813110553,-0.010862486535629483
1717770007673190832,0.08174719965028529,0.16349210366669578,0.24523371793510376,0.3269720840771313,0.4087079175039215,0.00024242519978170997,0.0009048016225776627,0.0018950205371972726,0.003126538246425316,0.004516791725862313,0.11871061815463359,0.23297337173395657,0.3472539331151939,0.4631728285544693,0.5812537783796626,-0.0019903595868621398,-0.003577534104399477,-0.0051936460723258394,-0.007104469856838079,-0.00938813132886141
1717770007755473375,0.08174735719634646,0.16349330278868482,0.2452373826206905,0.3269798391183263,0.40872137556082927,0.00019407882569018968,0.0007160136094796713,0.0014792618357932583,0.0024012577366593524,0.0034019993032921147,0.11170357907355573,0.22462423823916058,0.3400501366261838,0.4578938623561993,0.578773564204225,-0.0014607682932511238,-0.0027791834334599174,-0.0042443388131612435,-0.005945477725415089,-0.007871457923368177
1717770007839538335,0.08174766108262858,0.1634952655557012,0.24524252446942948,0.32698865626076534,0.40873213351882537,-1.3083741851533122e-05,-0.0001049185038473218,-0.0003555088641033047,-0.0008474172473075024,-0.0016671738809881122,0.11876914684488041,0.23306095325892304,0.3473456525238542,0.4632806865278429,0.5813989875458144,-0.0011581727321216745,-0.0016679620229117726,-0.001801726954816879,-0.0017513095750924669,-0.0015117164170505059
1717770007922684192,0.08174763915766063,0.16349500902279507,0.24524136769574062,0.3269852293352324,0.4087239743053011,-5.256289895757656e-05,-0.0002638815438639178,-0.0007165187253456135,-0.0014970053947197047,-0.0026974183901793533,0.11171011488745214,0.2246228434670842,0.3400345318609018,0.45785804222195886,0.5787085814634269,0.0016146879477511348,0.003715615971824095,0.006066028078383623,0.00839494504347364,0.010565562828783723
1717770008008141756,0.08174759023140085,0.16349451890072414,0.2452394255367287,0.326979823909695,0.4087116407301088,-9.288054562194712e-05,-0.00042708083958652214,-0.0010891338951203883,-0.0021711202491792605,-0.0037724891904375,0.11872268653308334,0.23298903242694846,0.34726266266690076,0.46319333099318927,0.5813112475731758,0.0026869945126155666,0.00515303458730416,0.0074236192828432265,0.009790821967947679,0.012384782262136969
1717770008093131542,0.08174750082957626,0.1634937797292515,0.2452365751916017,0.3269720566369596,0.4086942590918352,-0.00013470271840727255,-0.0005972621567009527,-0.0014797646450741947,-0.00288166911658339,-0.004911968446718181,0.11177018714276855,0.2247192786436531,0.3401317700399651,0.45796146044639097,0.5788225561821084,0.0023801770829455543,0.004544318156324138,0.0067337611159405805,0.009246856212961776,0.01220681622793636
1717770008172647237,0.0817473921311067,0.16349275875520963,0.24523261460565576,0.3269613731336618,0.4086705796214675,-0.00017875944875397423,-0.0007774715102717015,-0.001895607816799055,-0.0036421812955003585,-0.006138373287134089,0.11876504787980399,0.23305561025800875,0.34732185639777907,0.4632130409577251,0.5812558946602403,0.0025900480861115642,0.004894645239070029,0.0073458459309926555,0.010229913063566992,0.01365585385477063
1717770008255916833,0.08174724704522952,0.16349135238269968,0.2452272267117687,0.3269469680907825,0.40863870557883686,-0.00022587865729195683,-0.0009712012909687212,-0.0023450051737182354,-0.004468508946510103,-0.0074783694512502875,0.11167382432673326,0.22456590192820924,0.33996343094195264,0.4577612610322299,0.5785641726847478,0.0028079886706304197,0.005528903997893035,0.008490607166621892,0.01192565145977446,0.015946654248674388
1717770008341457843,0.08174703369908849,0.1634894368645945,0.2452200021018894,0.3269276415220408,0.40859604741711464,-0.0002770282508663732,-0.001182574590648324,-0.002837900938607796,-0.005379729898569749,-0.008964369803274305,0.11869589950728546,0.23293994047926625,0.3471794430988898,0.46303306644154574,0.5810204385405925,0.0035457834348661863,0.006854909268435182,0.01038098774072097,0.014417662624269656,0.019079506368619492
1717770008423039197,0.08174673910015495,0.16348688862557317,0.2452103179448496,0.32690181382518857,0.40853865822590535,-0.0003333705698128796,-0.0014165856399802055,-0.003386442074446253,-0.006399358522258908,-0.010636664392560974,0.11161893201040833,0.22446277968237638,0.33981912059290564,0.4575756196647201,0.5783355370626712,0.00405788862992296,0.008031531988864738,0.012268248529995774,0.016990556645303318,0.02230405299303886
1717770008505084276,0.08174636577995549,0.16348346217207588,0.24519739082785813,0.326866958174812,0.40846098123843066,-0.00039633457543885014,-0.0016794197091679459,-0.004005796361101803,-0.007556978432850531,-0.012546386536228263,0.11865997020264285,0.23286173237947178,0.347040300562464,0.4628113144678171,0.580689167373627,0.004814195102631445,0.009455034648016798,0.014409431973563775,0.020005086744120104,0.02639235780522484
1717770008591281890,0.08174582850937875,0.16347889702318952,0.2451798235819006,0.32681955558287934,0.40835454338208665,-0.00046771293590876185,-0.0019788965798290684,-0.004715267204112468,-0.008890545845923008,-0.014759628068918416,0.11150427668863917,0.22424193968926454,0.33950299363666997,0.457166451997127,0.5778348896212511,0.005909808228081611,0.011739525536528142,0.01788000678925843,0.024534013136127426,0.031784608904940365
1717770008673982620,0.08174518875047598,0.16347264742954865,0.24515583905839064,0.32675421488101397,0.40820654466756806,-0.0005498007257099884,-0.002325081719191299,-0.005539890928812813,-0.010449618484094368,-0.017363321751575927,0.11858254843805002,0.23270686742554716,0.34679987637275517,0.4624783700624395,0.5802559151502913,0.006578364176461868,0.01287900886493107,0.01942614597825764,0.02656309932832379,0.034450590615403384
1717770008754803895,0.0817441884662775,0.16346400936743274,0.2451224474852542,0.32666254982060533,0.407997045113257,-0.0006455824773415163,-0.002731167481962037,-0.0065126811623675025,-0.012299997610326706,-0.020473671658158377,0.11141413487158017,0.22405912635390157,0.3392109175221666,0.4567342180288725,0.5772212760792681,0.007346979064343887,0.014797311229438656,0.02276736499113009,0.031498327053062984,0.04113624588435028
1717770008840792179,0.08174290602682902,0.16345196186964722,0.245075251212649,0.32653169060361104,0.4076945371190373,-0.0007590172708102372,-0.003214736072380047,-0.007677914016061678,-0.014530472202396456,-0.0242483190534446,0.11838502511474482,0.23230972066955108,0.34618708712933555,0.46162793852754985,0.5791442792612373,0.00941660603471275,0.01857053808055812,0.028139400760149837,0.03850256611894228,0.049806427776782965
1717770008923638820,0.08174104577699375,0.16343466343053728,0.24500707522530316,0.3263406465098368,0.40724750693364103,-0.0008954310920338333,-0.0037995927963810953,-0.009095884511884676,-0.01726254747852853,-0.02890367831032742,0.11116337613095142,0.22353109405764077,0.33836395009694575,0.4555380927874599,0.5756451405841828,0.010727009737315734,0.021668839239398448,0.03325482754290082,0.045708131341364096,0.05918607907540259
1717770009007520914,0.08173832172157465,0.16340938515376005,0.2449063647203344,0.326055053672496,0.4065701494065081,-0.0010621123616222185,-0.004518478922987066,-0.010849870826228816,-0.02066446567397029,-0.03473885532662446,0.11800115430853063,0.23152193508618704,0.34494216864050836,0.4598544478490168,0.5767542762996434,0.013330160982419837,0.026462616351923807,0.040217139521078284,0.0550562812126498,0.07118597608953622
1717770009091789484,0.08173431504104837,0.1633715594366944,0.24475386689134504,0.3256168227095436,0.4055168185829781,-0.0012691795464887605,-0.005417013847980574,-0.013056125317039488,-0.024970463800393763,-0.042165477102353285,0.11050641196664482,0.22219581595729335,0.33631430177288557,0.4527280578659585,0.5720245899392058,0.01577148289555539,0.031935039062707726,0.04900703173135358,0.06718994078126261,0.08664182996829983
1717770009173764705,0.08172821256733903,0.1633134456646293,0.24451653041847365,0.32492629093367154,0.40383850799322085,-0.0015308404407118302,-0.006559332375755833,-0.01587749268838426,-0.03050446219399066,-0.05173440566273235,0.11719364114415179,0.22989157752540765,0.34242655527036303,0.45639768396819297,0.5722976235955876,0.019296460114189173,0.03820267652783789,0.05773906869021809,0.07843995382545163,0.10052986931645248
1717770009258785009,0.0817187230610559,0.16322160553705437,0.24413722302559407,0.32381197150855884,0.4011201778894531,-0.0018671614687653148,-0.008035567523448556,-0.019539508999209677,-0.0376994361773594,-0.0641253656931518,0.10947684234657977,0.21996735890090544,0.33265972868561294,0.4473758732022175,0.5646382663228305,0.02173166847124454,0.04452979590812277,0.06897673095771702,0.09536423672205384,0.12402841061554323
1717770009339534521,0.08170342884802093,0.16307263155073648,0.2435171956466634,0.3219888650806365,0.3967302714098902,-0.002306252290677283,-0.009969846392259105,-0.024340671293972545,-0.047080188018164625,-0.08000758552953208,0.11474128502845944,0.22491116070666767,0.3347189824845551,0.44567260837393147,0.5582406109585021,0.029977130664718445,0.05976824431806106,0.09092805659415326,0.12415147769561963,0.15967449757711957
1717770009422274351,0.08167832381132907,0.1628263232467202,0.24249482410279405,0.3190359918366696,0.3899284795887,-0.002886042688715316,-0.012521948903138696,-0.03062770754370178,-0.05912228542934418,-0.09961449260963731,0.10590934336684932,0.21240219696773333,0.32058670126351907,0.4303802850305128,0.5422790057883865,0.035460959728485016,0.07256439744461834,0.11199469916517904,0.1540236132882212,0.19904260099770632
1717770009508743762,0.08163645240536346,0.16241924239241873,0.24084587009775016,0.3145199095292608,0.3804209948685446,-0.0036521417834234353,-0.01585990023908945,-0.038658044762614835,-0.0738361569326529,-0.12199371904648451,0.10891420761013888,0.2130469880140308,0.3163308580814108,0.42021084359589334,0.5250982839798681,0.0466808499589226,0.09295710408551644,0.14100095881135694,0.19179085378720284,0.2456772399233719
1717770009592025756,0.08156804569405497,0.16177513448401368,0.23840167372693324,0.3084961465817169,0.369382151393594,-0.004641384088515308,-0.020046390897533288,-0.0482197319428703,-0.09003920961599665,-0.14440999336854302,0.09793639511804064,0.19605468229290254,0.2953419477214829,0.39585309516520667,0.4981027097835201,0.053481646948625436,0.108697848540558,0.16656601913313268,0.22737028423436811,0.29152311051004853
1717770009674332618,0.08146486339343212,0.16088162659698538,0.23542304571575773,0.30230218214276305,0.3599935227351685,-0.005828152300313704,-0.02475805943886862,-0.05800983643503291,-0.10481228101430783,-0.16260161572567502,0.09940913217944898,0.1942648265847103,0.28810110478483153,0.38248381190372704,0.4778687780686031,0.06487174573633156,0.12800676438631692,0.19216056979159044,0.2586615143074208,0.3279082599564909
1717770009756115674,0.08133953029020861,0.15996795209186293,0.23301509487078462,0.29859421748461074,0.3563091868588006,-0.007017440713807123,-0.028918927481244857,-0.0653524647738811,-0.11400713220602092,-0.1718158228725629,0.08948764095770097,0.17930757829630725,0.2703413123788167,0.36277989741792777,0.45714931922808727,0.06673458480300695,0.1345093797682201,0.20435041770714177,0.27664117259342147,0.35184949706505925
1717770009839412689,0.0812499189010068,0.15955190799270577,0.23264340718429036,0.2995968588444368,0.3605631797695033,-0.007781678239488997,-0.030848672237440828,-0.06725651111395127,-0.11405499097426348,-0.16845762155320368,0.09262782570084031,0.18174339284332242,0.27083808983610175,0.3615205609915774,0.454349044834495,0.07424771930950483,0.1451422782440844,0.2155222498633844,0.28689362945316976,0.35956995974755757
1717770009921987295,0.08126434832765221,0.15995875501644366,0.23460992093484256,0.3048344471535563,0.37086951764315446,-0.007706711276549522,-0.029503232596027464,-0.06267047296159439,-0.10444432146043431,-0.1525925303743198,0.08897236193273218,0.17956443130976482,0.27289325478343396,0.36914141315062904,0.46888886690246306,0.06743943408270697,0.13419984769673735,0.20102637542787502,0.26824743895278746,0.33616670324787695
1717770010005816459,0.08137044621327807,0.1608746213773793,0.23762358657935406,0.3114367912492445,0.3824748940611551,-0.006837285191022858,-0.025597576711133174,-0.05363567296378389,-0.08871403342350632,-0.12913539533374882,0.09999183486901206,0.1972107155659202,0.2954469515256638,0.3961452120218733,0.4997105520158053,0.06363166971557085,0.1230084809096609,0.18072117286263378,0.23786983653182733,0.2947498004897011
1717770010092879772,0.08149380358515103,0.16177290658176152,0.24029640974691527,0.31694769624397473,0.3918060554381025,-0.005623378314540193,-0.020848493194449657,-0.043496672080476015,-0.0718670585448879,-0.1046902624200627,0.09986272779323634,0.2017838330946516,0.3069181645191351,0.41518246130940967,0.5270995111895918,0.04979898825554618,0.09780294389543026,0.1448753256247018,0.19115575357460185,0.2368293377753377
1717770010174972057,0.08158820907874487,0.1624191702471286,0.24215208175238737,0.32069745386167997,0.3980849877751759,-0.0044612375379318985,-0.016512638816480518,-0.03448376489942115,-0.057105903924745405,-0.08342762457571974,0.11150922695211149,0.21966703495571366,0.32876727128915895,0.4401664550224489,0.5542615857292126,0.04001705789036659,0.07632247212759596,0.11058720333976993,0.14348408427268342,0.1752389599242682
1717770010260335922,0.08164901920853777,0.16282673284549834,0.24331111821877943,0.32303195389135164,0.4019942496162276,-0.003509731964864414,-0.01302169067324852,-0.02728354065680671,-0.0453459807717841,-0.0664871170756552,0.10884964828789452,0.21924775213220302,0.33243260195967966,0.44828749891929076,0.567375164719749,0.0257542372825486,0.04981477663766921,0.07278012360582962,0.09492178198151523,0.11647497046203864
1717770010339051961,0.08168587884306554,0.16307293158605807,0.24401280532288105,0.3244508955162643,0.4043819431506592,-0.0027777234258282843,-0.010346362648151716,-0.021765654338425828,-0.03631575524538707,-0.05343977666657379,0.11742101266735375,0.23059098564976782,0.34390766603899225,0.458957487316211,0.5762396984080267,0.018030997993740354,0.03418008024388443,0.049384332917829656,0.06416585525220399,0.07876276910101813
1717770010422036170,0.08170794780459166,0.1632217592116749,0.24443982220832394,0.325320432286009,0.40585501875471297,-0.002224391923754916,-0.008320450743261053,-0.017573452063587514,-0.02942804606872439,-0.043446797113605544,0.11112287340785633,0.2234783128544824,0.33831214485556216,0.45552646822037374,0.5757162274177253,0.012074310869959382,0.023747710248573233,0.035495382006254926,0.04763004902134777,0.06039446827748248
1717770010507179975,0.08172151557302217,0.1633135612791919,0.24470531138181126,0.3258652235670456,0.4067845850783268,-0.0018047924226087077,-0.006777705838698738,-0.01436634872118527,-0.024134339949097475,-0.03573182240417155,0.1181243538526785,0.23177901529823414,0.34534642278799216,0.460408894592595,0.5774541325985065,0.01221477737279006,0.024209340068054388,0.036791846946847825,0.050454750518246196,0.06544387127565993
1717770010590124368,0.08173000422389214,0.16337164378569524,0.24487476228165878,0.32621570846371695,0.40738675305949074,-0.0014826327678124,-0.005587163828211742,-0.01187895800606307,-0.02000884981940716,-0.029692095441196286,0.11061710909066068,0.22244593940463264,0.3368077250583443,0.45363587804201444,0.57355943573538,0.014904436471066892,0.029994972879166824,0.04515700769505926,0.059952011739582575,0.07410991891742588
1717770010673793077,0.08173547827644499,0.16340943020035162,0.24498594171131044,0.32644727608793633,0.4077873362162996,-0.0012312905773796884,-0.004653362416910017,-0.009918097585137741,-0.01674120011408612,-0.024887058561005572,0.11795329750507674,0.23156193820194196,0.3452557483341647,0.46056849147666085,0.5779698961378738,0.01276521337480227,0.02467832275597117,0.036349547805717676,0.04824473606535619,0.060678492115135804
1717770010759057998,0.08173909925167579,0.1634346937297386,0.2450607392529641,0.3266042501860689,0.40806036769246823,-0.0010318197847557589,-0.00390836451152169,-0.00834597859808995,-0.014109329726176189,-0.021000310208915192,0.1110754503787732,0.22338839782062703,0.33823411417276994,0.4555385916119506,0.5759198270488283,0.011488283249732851,0.022702432248835905,0.03356963350359715,0.043857328620185675,0.05343705976419608
1717770010840166568,0.08174158286805583,0.16345194763164556,0.24511233732102117,0.32671303284012904,0.4082506951274379,-0.0008708024540227488,-0.0033039109066213624,-0.0070643825927685575,-0.01195428872966619,-0.017804515409063946,0.1183661399509249,0.2323575633078307,0.34642029539401464,0.4621020704847655,0.579886450598222,0.008184402193369343,0.01569161586860782,0.022991386117940726,0.03050345357102497,0.03852627764815635
1717770010923448801,0.08174324497051179,0.1634640428729002,0.24514857348309058,0.3267899925950551,0.4083859366472077,-0.0007386665227921241,-0.0028054470433088023,-0.006002656799126191,-0.01016128744684236,-0.015134798088517708,0.11142343651393011,0.224079910856177,0.33926530312269915,0.45689110762070734,0.5775739590664606,0.007391090333669317,0.014497138286753745,0.02131001881503946,0.027919295850507956,0.03437438466978705
1717770011005388021,0.08174451279845817,0.16347265489875984,0.24517460929172227,0.32684543425501067,0.4084837214437963,-0.0006285052630710133,-0.002387902905083465,-0.005109331178959064,-0.008646313463448307,-0.012870007424440692,0.11862899482786082,0.23280527863859243,0.3469626242018959,0.46271265263607453,0.5805582944264073,0.005560021389127676,0.010775179190663378,0.01607485726875526,0.021845366877686085,0.028346373407390584
1717770011089735746,0.08174532523298982,0.16347887293128718,0.24519350831340425,0.326885893667722,0.40855529591018275,-0.0005352511396899236,-0.00203281720825462,-0.004346312017529263,-0.0073469287735341005,-0.010919726344687391,0.11146260744602705,0.2241645592439957,0.3394036296819694,0.45707224863146184,0.5777805210353568,0.006277510676956666,0.012393784052252107,0.01818209122361172,0.02341572400185152,0.02794810927921155
1717770011174151182,0.08174599913183482,0.16348349262185546,0.2452075004203903,0.32691582371547806,0.4086083469187181,-0.00045513670213020573,-0.001726376975920987,-0.003684967065701074,-0.006215984535160159,-0.009215389049979152,0.11863455072438107,0.2328530099416585,0.3471109243962692,0.4629893791977914,0.5809892787691943,0.0033446000679826235,0.006236267141124884,0.008964403452431985,0.011880799339018719,0.015257641293460762
1717770011257714748,0.08174647046559735,0.16348690543837663,0.24521786072131116,0.3269380931573701,0.4086478679624517,-0.00038530544000273787,-0.0014580664831114565,-0.00310339127300738,-0.0052172468385395,-0.007704061155816747,0.11161962409170045,0.2244690413582181,0.3398499555673531,0.45766368716396433,0.5785197931222519,0.0030369424359309354,0.005771154981621709,0.008380308162495732,0.011153833510382917,0.0141336189308936
1717770011340631008,0.08174683379291664,0.16348943588002524,0.24522560968721382,0.32695474449510775,0.4086773727147873,-0.0003235593114552476,-0.0012197452039565738,-0.0025845404693695256,-0.004322374667117812,-0.006344133217506037,0.11877084550086203,0.23306107205794288,0.34731133177778484,0.4631905117207896,0.5812377919378259,0.002518628008990766,0.004967537354688869,0.007666548710295295,0.010685148787213241,0.014030791341890371
1717770011423833370,0.08174707473606324,0.16349132146218098,0.2452313952593831,0.3269671439024161,0.40869926208068147,-0.0002681738648355357,-0.0010049926587198297,-0.0021148934532597605,-0.0035087602083541712,-0.0051022271706165235,0.11168877794746929,0.2245777473974171,0.3399616575719191,0.45777665465156486,0.5786393892985872,0.0030926855488718585,0.005818398717350665,0.008250653149804478,0.010629746471919596,0.012967227505308382
1717770011508650064,0.08174727732735432,0.16349275068307595,0.24523570200531053,0.32697629029159186,0.4087152455200017,-0.00021777125626444203,-0.0008086434884526957,-0.0016835034194225848,-0.002757982585530315,-0.003950967498366991,0.1187744655046055,0.2330765283467785,0.3473483449101739,0.4632254781538758,0.5812240818383423,0.0015058359205933416,0.0028400552425504252,0.004315334310098949,0.006259297760048768,0.008892091061270013
1717770011590569257,0.08174742947570618,0.16349379479610635,0.24523882185288456,0.3269828242200971,0.4087264466997353,-0.0001712257580226671,-0.000626448419700449,-0.0012812998168508865,-0.002054663782520803,-0.002867323663502482,0.11161242163569891,0.22446103370249462,0.3398365760919423,0.4576276548078233,0.5784488652959698,0.002577578132012001,0.004900917202363129,0.006738861340932842,0.00801566732616034,0.008694332031217169
1717770011672014474,0.08174753323499287,0.16349452828875333,0.24524097363560962,0.3269871965880323,0.4087336419348825,-0.00012759608835701775,-0.00045482467240774927,-0.0009005689799220914,-0.0013856104096653746,-0.001831354717179952,0.11871367894877073,0.23298237973545255,0.34726534164569806,0.463174481659598,0.5812261043943976,-0.0004927257590789673,-0.00132750792263928,-0.0023417333317716504,-0.0032407579345853227,-0.003785088858913249
1717770011756699085,0.08174760467583501,0.16349500926873164,0.24524230739473585,0.32698971198762633,0.40873731666345864,-8.607339398541966e-05,-0.0002906636173774861,-0.0005345514480702603,-0.000739141671462569,-0.0008252150654475561,0.11167057635504443,0.22457716427223828,0.3400234211176287,0.45790918451473206,0.5788421218879735,-0.0006511648571128668,-0.0013127182484543036,-0.0018977509143804098,-0.0023970585097307304,-0.0028512532971774304
1717770011841170072,0.08174764769886536,0.16349526519690274,0.24524291289576194,0.32699053066856715,0.4087377102709347,-4.5940575080043574e-05,-0.0001311788900781726,-0.00017711946515847442,-0.0001045430457173884,0.0001676661139798696,0.11884236473885681,0.23318387335146312,0.3474776835248367,0.4634185214720805,0.5815451194790284,-0.0003470840706431232,-0.0004547858267535749,-0.0005361296583386015,-0.0008350078399244467,-0.0014036784841881683
1717770011923140048,0.08174766167550884,0.16349531571962483,0.2452428257405863,0.32698970540352024,0.40873484865147436,-6.53928974658723e-06,2.621917128850466e-05,0.00017749454311392118,0.000528402140855634,0.001163303327566547,0.1117697053578818,0.22472780196388475,0.34016164873077115,0.45801112849126085,0.578892818023522,-0.00028419111992079784,-0.0004594310695612725,-0.0008436154951581884,-0.0016017779245268396,-0.0027746175383677953
1717770012007036209,0.08174765404411599,0.16349516406507744,0.24524204372801142,0.3269871869759655,0.40872853964658645,3.275846103510533e-05,0.00018403383286052144,0.0005349414306022212,0.0011698426173131344,0.0021778298853407036,0.11877332237429984,0.23307790430281045,0.3473705370799356,0.46329216712614246,0.5813694448618778,-0.0007896714733970079,-0.001390783500972045,-0.002156948967585773,-0.0033369871537332263,-0.005021431382261927
1717770012089231252,0.08174761777280519,0.16349479737517275,0.24524051396591914,0.3269827991535896,0.40871836071220496,7.25764194410951e-05,0.00034478557913838993,0.0009009898678600974,0.0018302837142240183,0.0032281827888728533,0.11169780050408647,0.22461569192714034,0.34004591508919507,0.4578831707315329,0.5787334864078562,-0.0011375501264758124,-0.002163859296063134,-0.003384274305194381,-0.005033058358190709,-0.007215154927233527
1717770012175305366,0.081747553938546,0.16349419602478132,0.2452381307787771,0.3269762513504406,0.40870364494299777,0.00011355982068950193,0.0005111170748849538,0.0012817698435279423,0.0025210400066916967,0.004332851906826218,0.11873536613014686,0.23301702889810877,0.3473010908226172,0.46321062078597447,0.581268173054315,-0.0017072407263278723,-0.0031980956674547865,-0.0048593966556221314,-0.0069538268674883335,-0.009578583818075075
1717770012256513595,0.08174745917953521,0.16349331167097578,0.24523473242744676,0.32696711525052746,0.408683302952978,0.00015640279936628775,0.0006859074763774087,0.0016840446606783761,0.003254752735275269,0.005512752124733016,0.11168113279254055,0.22458450127176655,0.3400007202473832,0.4578214696253258,0.5786515973485252,-0.002042722392071197,-0.003983495445798846,-0.006140009649677263,-0.008744690010617713,-0.011905338218604976
1717770012341792106,0.08174731811746248,0.16349208271996105,0.24523010421010935,0.3269546852344339,0.40865580771668797,0.00020187956242749113,0.0008724056299362951,0.00211553421148962,0.004046013494863904,0.006792303468547698,0.11871968452001073,0.2329861034550733,0.3472503104321779,0.4631335107463322,0.5811566856644361,-0.0026782581343967405,-0.005133536147502222,-0.007786656399088164,-0.010917672752874762,-0.014634988373161474
1717770012423616170,0.08174712963313015,0.16349045568586568,0.24522386995041728,0.3269380139292215,0.40861891400220035,0.0002508821821630929,0.0010743939491630492,0.0025853163575341887,0.004912159130712192,0.00820081455476612,0.11165071197434977,0.22452587146258937,0.33991554816865455,0.457709061233974,0.5785106298381818,-0.0031263315164923276,-0.006146771888317296,-0.009396313677766477,-0.013099538834260814,-0.017358702500626152
1717770012505588293,0.08174690712700822,0.1634882673592377,0.24521553835647486,0.32691567311909275,0.40856951700509264,0.00030446832760379263,0.0012963963742992919,0.003104350694515868,0.005874309358501341,0.00977433117437138,0.11869732872678385,0.2329378469990696,0.34716273483835075,0.46299041488991993,0.5809378356298337,-0.003747446480150438,-0.007320151667330834,-0.011166994435113107,-0.01559650943497455,-0.02074701553009941
1717770012590321302,0.08174656845463608,0.16348531719234333,0.24520432107154483,0.3268857171232718,0.4085028091605922,0.00036392273413648183,0.0015439559005347443,0.003686173494796048,0.006958776520588562,0.011558125812835733,0.11157227377410311,0.22437662769700592,0.33970828862462304,0.45745123292876605,0.578210383204377,-0.00462777588073931,-0.009093155070225574,-0.013766495430177049,-0.018847229404913242,-0.024404952163123713
1717770012672229290,0.08174613078501142,0.16348133602687465,0.24518929508056714,0.32684511254087834,0.40841203839610374,0.00043084238376238533,0.001824009746503518,0.004347859742761039,0.008198989632658114,0.013610206983493514,0.11866587843896219,0.23287658849170983,0.3470691170129671,0.46286304441682796,0.5807755345346757,-0.004758730105890636,-0.009226699688200541,-0.013854409239216964,-0.01895676399180733,-0.024684205319852895
1717770012756416082,0.08174550378153803,0.16347601716434063,0.24516877690051078,0.3267895582744278,0.40828675940372366,0.0005072501677340647,0.0021454118529844646,0.0051113405825563285,0.00963822854240909,0.016006211475407095,0.11154507353324557,0.22431696096596054,0.33959107423510865,0.45723159338761327,0.5778277542416539,-0.00523914055851301,-0.010649589430202574,-0.016623118728738156,-0.023430963708774257,-0.03124745237886741
1717770012841005563,0.08174475800958071,0.16346869780024564,0.24514057122425112,0.32671235302816626,0.4081111224464015,0.000595759581197986,0.0025196596909475796,0.006005310003736902,0.011333481536102582,0.018846458493454104,0.11847213219676216,0.23249983505749006,0.3465178910111353,0.462139116804202,0.579885712391255,-0.0078078204033741,-0.015259677975016154,-0.023012004605688603,-0.031388445787302745,-0.04046360976696604
1717770012924666166,0.08174358696050803,0.16345850194535305,0.2451009298742431,0.3266030841595123,0.40786003709690194,0.000699798092583832,0.0029619509851549525,0.007067917426792376,0.01336103528878266,0.022266055765568532,0.11141186840913371,0.22402081281938205,0.3390873274322227,0.456498314924466,0.5768468345282449,-0.00823334477732031,-0.016643838822207453,-0.02558328888944625,-0.03529444851764599,-0.04596241081509414
1717770013004626274,0.08174206855468806,0.16344410493152242,0.2450443743944775,0.3264454393861164,0.40749341917363363,0.0008239509029646532,0.0034927053731791495,0.008350740895676723,0.015824589207497256,0.026449482411791406,0.11823791270365537,0.232048465012835,0.34584943805985874,0.46123203542898,0.5787089191393704,-0.010482820339327905,-0.02055415812110802,-0.030974457544401344,-0.042130469337808334,-0.05414348960025554
1717770013091160535,0.08173980349772338,0.16342324744084344,0.2449617575445069,0.3262125819210829,0.4069448741009651,0.0009744345526630254,0.004139789375726411,0.009924524498089273,0.018866947065115394,0.031651064291206704,0.11114166753020824,0.22344876908018146,0.338165285638769,0.4551718417361941,0.5750496190806325,-0.011306990233624999,-0.023012441472322683,-0.0355235834342825,-0.049098055452496174,-0.06395855461658317
1717770013176151275,0.08173652362577329,0.16339243877232124,0.24483824703731938,0.32585995756549613,0.4061029717200651,0.00115982375304801,0.0049417957176307575,0.011887564163354361,0.022686595460496388,0.03822227147356443,0.1177254058779974,0.2310254103803832,0.3442856392689907,0.45908530200388553,0.5759352478674611,-0.015005426211494444,-0.02956073899867421,-0.04461559392234418,-0.06061187747706581,-0.07767380601701436
1717770013255578517,0.0817315964979864,0.16334571026699096,0.24464860741291852,0.32531167802620997,0.4047770186732028,0.0013920934779910882,0.005952775109110442,0.014377475076886442,0.027559568576347074,0.04664202628068879,0.11053626095131544,0.22219461785175393,0.33620043902464547,0.4524436483507645,0.571500312701497,-0.016236190877863467,-0.03298156424214954,-0.050685123338755585,-0.06959028694218862,-0.08993864025950735
1717770013338664531,0.08172400877754261,0.16327286089410098,0.24434956271305933,0.3244367451990372,0.4026436473986106,0.001688126940897834,0.007248825848410499,0.01758647412802836,0.03386295279014321,0.05753189762070612,0.11684256248658154,0.22914791662291345,0.3412243767179816,0.454599093787273,0.5697285669712813,-0.020765389108502546,-0.0415066548976216,-0.06336913320389645,-0.08696203955414171,-0.11256592011658322
1717770013423034191,0.08171196118954191,0.16315628193368842,0.24386570292960028,0.3230123780795918,0.39918142979352883,0.0020717269190497693,0.008936212938990004,0.02177638111099092,0.042082594784336506,0.07159764124276308,0.1085215642690398,0.2180206598956243,0.32968332190598215,0.4433600337169768,0.5596031784654958,-0.025851036500789303,-0.052835877096716534,-0.08160686837472596,-0.11237393098965069,-0.14538564448562974
1717770013504946231,0.08169249510147146,0.16296507598088086,0.2430693457155551,0.32068394942408407,0.39367050876228343,0.0025758093658944056,0.011157659596495107,0.027277351632027633,0.05274960511717284,0.08936736230823973,0.11381789060369886,0.22296096074865035,0.33158063567455204,0.44125039697338353,0.5524278755844506,-0.033879520533601076,-0.06743003248890382,-0.10224919741626291,-0.13911206435191897,-0.17832018151240514
1717770013587830066,0.08166005145868704,0.16264776352777296,0.24176341661971193,0.31699059465535734,0.38548633885150974,0.003242923364063389,0.014084002409098382,0.03442056658005545,0.06618170117134062,0.11058463727734281,0.10442875182257771,0.2093566413888721,0.3158629543741795,0.42378330890097443,0.5335606010697096,-0.039121780088828675,-0.08009774712257914,-0.12370507834975356,-0.17023335971237766,-0.2201255934979743
1717770013675134420,0.08160625367267903,0.16213075489935294,0.23972322983769032,0.3116509151128953,0.3749376093856419,0.004117992539602483,0.01785360714685171,0.043295812606990454,0.08189239015953417,0.13343749822684928,0.10650242656729884,0.2082294563291247,0.3090038696908789,0.4102804848493054,0.5124990565715655,-0.05184800675020142,-0.1030677899204733,-0.15606101820102394,-0.21187201661102154,-0.27082807234228434
1717770013754741668,0.08152084065814239,0.16135326928633822,0.23693138769220234,0.3052738168789841,0.3642220679088916,0.005216794497892652,0.022383079042209243,0.053225188666027885,0.0978504753372978,0.15433469758138663,0.09548249979375455,0.19110214980220075,0.2878193400531902,0.3858047126537211,0.48560403099599353,-0.0580010607691613,-0.11751033265549896,-0.17944774061015115,-0.24413596920828293,-0.31199394681767584
1717770013841060400,0.08140249951095242,0.16039897505352776,0.23404851344829236,0.2999568410841232,0.3572194531492553,0.006444459566310939,0.02700764413655084,0.06219072717202958,0.11037221750029351,0.1686086716027235,0.09733036871015872,0.19034635638938477,0.28251526713059716,0.37539917951972757,0.46945319513214134,-0.06795613444424169,-0.13375699153002435,-0.20024677612986422,-0.2688082225721979,-0.3398515481361758
1717770013922270059,0.0812850942943332,0.1596640731721497,0.23251146777584702,0.29845756421190195,0.3574560929050066,0.007484728009742277,0.030262776822449995,0.06712224998007685,0.11530527283868125,0.17182130717101077,0.08861052680765415,0.1777555042873933,0.2683104147125266,0.36047194544352,0.4547709996584264,-0.06790152001230888,-0.13656695921201123,-0.20703508513610766,-0.2796931533389765,-0.3550041579066842
1717770014005140304,0.08124235413360845,0.15965815135610256,0.23339037365629736,0.3018394171715322,0.3652363396068865,0.007860262875543996,0.030583079777620422,0.06571213785808858,0.11031726050620642,0.1618796375525066,0.092952740109477,0.18258464272779923,0.27241688260944463,0.3640621391727639,0.45807489582476435,-0.07383015747615744,-0.1440674622581902,-0.21352149363299397,-0.28366859116338344,-0.3548046469085923
1717770014090137004,0.08131041218729901,0.16038983920596261,0.23609073388700025,0.30815942863304024,0.3768014463178711,0.007347144474974342,0.027766144189605463,0.05849500796773098,0.09701710212863121,0.1413786984838611,0.09041188165710676,0.1826490772105956,0.2778564956744025,0.37617475483187374,0.47817412958442995,-0.06542500233981118,-0.1298703055901258,-0.19405739729199176,-0.25826811729295185,-0.3227631609300909
1717770014171811819,0.08143411520841555,0.1613489505897096,0.23905368744432298,0.31440824745156565,0.38752916133245874,0.006243092756699448,0.023228604541300348,0.048523314883473674,0.08016771579649216,0.11669306368497694,0.10235997354995184,0.20197836063360833,0.3027668424938743,0.4061262420149988,0.5124438237515647,-0.059609394477714926,-0.11484364701592653,-0.16815785555209686,-0.22053517122175392,-0.2722409096718506
1717770014254827022,0.08154556639291567,0.16212991576219124,0.2413256763238011,0.3190316192049971,0.3952983886758645,0.005020869074445976,0.018585939574435727,0.038777753066470896,0.06412643204775391,0.09353418383462386,0.10238578174021085,0.20678810005265025,0.3144002990798111,0.42506818090751786,0.5392969687305852,-0.04443568376806924,-0.08700707316360685,-0.1285117146627555,-0.1691115871919545,-0.20901761432905125
1717770014340597391,0.08162226569018799,0.1626479962450554,0.2428031393095569,0.3220083813143984,0.4002785957571933,0.003956544520098103,0.014657423506377838,0.030654989741937807,0.050853148807433676,0.07442469379257734,0.11346164830415398,0.2232699929754141,0.33374252428718953,0.4463242822190717,0.5614437182281232,-0.034666468482894494,-0.06603271931239625,-0.09559299142348074,-0.12400934137939881,-0.15152706076528638
1717770014421694517,0.08166978112481743,0.16296538354409765,0.2437058917694613,0.32382917784140114,0.4033339361018627,0.0031184409651927596,0.011591581613037366,0.024335455521334152,0.040525058077970424,0.0595277548838505,0.10957212928162517,0.22057608922160984,0.33424726033820057,0.4504838027296948,0.5698619589725112,-0.02242823020747188,-0.04351881961150312,-0.06384329282802742,-0.08368899119962939,-0.10329904505744117
1717770014506217718,0.08169828861145563,0.1631565316643707,0.2442521983194648,0.3249375394135667,0.40520505863605316,0.0024816774792728205,0.00926331661836042,0.01952670064477219,0.03264099835677619,0.048113770519367716,0.11759175828793483,0.2308574046656061,0.34418151946711084,0.4591627842510551,0.5763011452877688,-0.016917547395682055,-0.03240239051774253,-0.047374552826533155,-0.06235735953291207,-0.0775944678593709
1717770014590617418,0.08171557037219856,0.1632730526872402,0.24458784270665812,0.3256236232344071,0.40637152073453475,0.002000387319208809,0.007497775820980909,0.0158652124684024,0.02661154183178085,0.039346431343143085,0.11092057128297589,0.2230410140945716,0.33759402612187067,0.45445793574656274,0.5742089331362276,-0.013479054668433268,-0.027008330211640678,-0.04108418871311831,-0.056020260407174324,-0.07208490364830333
1717770014672383785,0.0817262270999351,0.16334579257303186,0.24479918724306762,0.32605908399706535,0.4071171705341497,0.0016334031705555374,0.006145121682775503,0.013046267765499425,0.021947365511696917,0.032533460158719094,0.11763346945636824,0.23088048218022078,0.3441775519194972,0.4591601318271003,0.5763659650709588,-0.01592310956786167,-0.03091170216549287,-0.04544102155869861,-0.0597799355629019,-0.07395340172261651
1717770014758465766,0.08173302922421044,0.1633924892730978,0.24493599976649746,0.32634306505410793,0.40760671204399435,0.001349446473558593,0.005092961539893244,0.0108424187291028,0.018283420959171924,0.027157473170462566,0.11101945981275131,0.22329154230459142,0.33807679991433875,0.45524464364973494,0.5753716573926425,-0.01228061208777444,-0.024300990090585194,-0.03642435080757584,-0.04894389702545246,-0.062133983414758
1717770014837638378,0.08173746635444713,0.16342329357949617,0.24502692630768713,0.32653311535014223,0.40793649177190827,0.001126017088382371,0.0042606609464899345,0.009090352291875006,0.015356952049411393,0.022844840391663363,0.11806469432972172,0.23173074560259244,0.3454398594423527,0.460834236447734,0.5784488935853136,-0.012524326329283552,-0.02402670710232974,-0.03490090297287066,-0.04542433434663912,-0.055635977526973544
1717770014920665502,0.08174046254697309,0.16344412846165682,0.2450888448540264,0.32666347358784426,0.4081638459640153,0.0009471769447263222,0.0035909940773804555,0.007673812951041149,0.012980234686029126,0.01932755984079851,0.11137106907956475,0.22399440862826742,0.33914221472764317,0.4566838294712079,0.5772043208800615,-0.008420469833864396,-0.01650994645732365,-0.024600950434258802,-0.03299865297068346,-0.04196135225458662
1717770015005548954,0.08174249946281638,0.16345849837591456,0.24513200650683883,0.3267547383100434,0.40832391656307493,0.0008016074479637302,0.003043179748854653,0.0065096237881573345,0.011018380496723367,0.016412317690526274,0.11843524442776882,0.23244383935102153,0.34647587023777876,0.4621671039031851,0.5800491889647629,-0.008372745903459659,-0.015881164974927142,-0.022953400483196402,-0.02997285652383857,-0.03696594543917683
1717770015089722633,0.08174389948778699,0.16346869895278818,0.24516262927474577,0.32681991405638294,0.4084386699589586,0.0006811910716998678,0.0025878418250127803,0.005537584631776086,0.009373368960453007,0.013958036272435333,0.11157745696373969,0.2243746411299546,0.3396630238648814,0.4573338569848731,0.5779817281434941,-0.005670737037678832,-0.011161278414910708,-0.016791561447529336,-0.022859234703554786,-0.029592618476901224
1717770015173099040,0.08174497987507884,0.16347602380608092,0.245184807264191,0.32686722110863115,0.40852224412148047,0.000580025786257391,0.002203507237805005,0.004713508257961787,0.007972918939572879,0.01186026765338162,0.11854190841327257,0.23265113925762232,0.3467860331846322,0.46257653278516864,0.5805532081310771,-0.006397233833758793,-0.012079284382041349,-0.017391862941744274,-0.022677965250578105,-0.027943549342362005
1717770015256156921,0.0817456754030619,0.16348134476157572,0.2452010043752356,0.3269019543032812,0.40858378263790873,0.000493747883188174,0.0018742383182215056,0.0040044312844469705,0.0067628808683054655,0.010040431867684305,0.11165164038695148,0.2245178518183729,0.33987355637962435,0.45761613499789233,0.5783440999243699,-0.004078291555311793,-0.007974386574367194,-0.01198609842520749,-0.01640947042008232,-0.021462405418118603
1717770015338234663,0.08174625230723181,0.16348531337312203,0.2452130550948186,0.3269277817976037,0.4086295575169156,0.00041908596721132875,0.0015880109059719775,0.0033853690570810197,0.005702017612696824,0.008438423921871878,0.11861723858904495,0.23279476838560476,0.3469954359590358,0.462850443821433,0.5808897438925467,-0.00475201215416405,-0.008852155255227255,-0.012583924321477967,-0.016267183549651103,-0.019900246703684135
1717770015424499273,0.08174665436423871,0.16348825842130843,0.24522202790694073,0.32694703403854003,0.4086637014574545,0.0003535388231598136,0.0013355925024153312,0.0028370405736510137,0.004758354698851711,0.007007421761122131,0.11169775049687423,0.22460730643361543,0.34000728403291774,0.4577992290208885,0.57858513921459,-0.0025339541257580274,-0.004869115653087191,-0.007285576284154442,-0.010080727045617752,-0.013464156431001125
1717770015505494594,0.08174697022611704,0.1634904704999591,0.24522873575972004,0.326961416628025,0.4086891604855825,0.00029516453383371974,0.0011097709550439573,0.00234430224366933,0.003906644966596702,0.005710257837966316,0.11867145992692528,0.23289776572405405,0.34714543081846855,0.4630455740466084,0.5811271192041353,-0.0031117602684140864,-0.005665743265645618,-0.007911598562509113,-0.010147250031934596,-0.012373453878043813
1717770015587315797,0.08174719965028529,0.16349210366669578,0.24523371793510376,0.3269720840771313,0.4087079175039215,0.00024242519978170997,0.0009048016225776627,0.0018950205371972726,0.003126538246425316,0.004516791725862313,0.11172627525902412,0.22465803873805634,0.34007522296459514,0.45788597779231505,0.5786953997909958,-0.0012730191949205515,-0.0023755348559982314,-0.003575262549577554,-0.0051671915141397965,-0.007350265362391293
1717770015672195434,0.08174735719634646,0.16349330278868482,0.2452373826206905,0.3269798391183263,0.40872137556082927,0.00019407882569018968,0.0007160136094796713,0.0014792618357932583,0.0024012577366593524,0.0034019993032921147,0.11869196904471445,0.2329366073393279,0.34720300625126127,0.4631214273720561,0.5812201614917144,-0.0019767944066306858,-0.0034593035966853924,-0.004657567042828509,-0.005851393761046169,-0.007035831125519617
1717770015756042242,0.08174766108262858,0.1634952655557012,0.24524252446942948,0.32698865626076534,0.40873213351882537,-1.3083741851533122e-05,-0.0001049185038473218,-0.0003555088641033047,-0.0008474172473075024,-0.0016671738809881122,0.11173509334565183,0.2246738206423337,0.3401097077105492,0.4579807257969608,0.5789051064483512,-0.0003081459713147536,-0.0004457900612860469,-0.0005060569505460974,-0.00030002352727223207,0.0002922371503887723
1717770015841502666,0.08174763915766063,0.16349500902279507,0.24524136769574062,0.3269852293352324,0.4087239743053011,-5.256289895757656e-05,-0.0002638815438639178,-0.0007165187253456135,-0.0014970053947197047,-0.0026974183901793533,0.1188328887461629,0.23316895024544393,0.3474606491451851,0.4633960541019252,0.5815115413296447,0.001025864486969931,0.0019092557838759675,0.0028183951446185546,0.004060787129598439,0.005725563467102514
1717770015924602031,0.08174759023140085,0.16349451890072414,0.2452394255367287,0.326979823909695,0.4087116407301088,-9.288054562194712e-05,-0.00042708083958652214,-0.0010891338951203883,-0.0021711202491792605,-0.0037724891904375,0.11175920961312805,0.22470661541369974,0.3401300160842851,0.45796262049336406,0.578815368648742,0.0013943733392460726,0.0026361828446222137,0.004059596972593989,0.005912991734136631,0.00830824256967656
1717770016005052089,0.08174750082957626,0.1634937797292515,0.2452365751916017,0.3269720566369596,0.4086942590918352,-0.00013470271840727255,-0.0005972621567009527,-0.0014797646450741947,-0.00288166911658339,-0.004911968446718181,0.11874123266054093,0.2330249427545812,0.34730518187801473,0.4632088259769479,0.5812590845662179,0.001927452908845763,0.0036386535945507215,0.00552741920495676,0.007858697580989078,0.010730296541018099
1717770016089298009,0.0817473921311067,0.16349275875520963,0.24523261460565576,0.3269613731336618,0.4086705796214675,-0.00017875944875397423,-0.0007774715102717015,-0.001895607816799055,-0.0036421812955003585,-0.006138373287134089,0.11167501454610451,0.2245729671631352,0.33998399917773736,0.4577987749451052,0.5786217707632177,0.0022844210489465075,0.0044717195331210715,0.0068825601818885505,0.009748792239338404,0.013179104540228012
1717770016171999931,0.08174724704522952,0.16349135238269968,0.2452272267117687,0.3269469680907825,0.40863870557883686,-0.00022587865729195683,-0.0009712012909687212,-0.0023450051737182354,-0.004468508946510103,-0.0074783694512502875,0.11871373547358577,0.23297430475309783,0.3472313874362334,0.4631056441901183,0.581117618863489,0.0029485627182923475,0.0056719877635126965,0.008600823149812855,0.012019745973499387,0.01603985568235596
1717770016255957365,0.08174703369908849,0.1634894368645945,0.2452200021018894,0.3269276415220408,0.40859604741711464,-0.0002770282508663732,-0.001182574590648324,-0.002837900938607796,-0.005379729898569749,-0.008964369803274305,0.11164059953950048,0.22450611174896756,0.3398862028080086,0.45766957997163704,0.5784602531940201,0.0034269381477222403,0.0067502763578432086,0.010309525777603284,0.014327642154816007,0.01890630951788998
1717770016341180086,0.08174673910015495,0.16348688862557317,0.2452103179448496,0.32690181382518857,0.40853865822590535,-0.0003333705698128796,-0.0014165856399802055,-0.003386442074446253,-0.006399358522258908,-0.010636664392560974,0.11868798137623798,0.23291807023245303,0.34712895438461366,0.4629381526894012,0.5808614845376765,0.00406411176694684,0.00796263218080499,0.012153960725226343,0.016953973993628493,0.022507726734408054
1717770016425837039,0.08174636577995549,0.16348346217207588,0.24519739082785813,0.326866958174812,0.40846098123843066,-0.00039633457543885014,-0.0016794197091679459,-0.004005796361101803,-0.007556978432850531,-0.012546386536228263,0.11154796025731803,0.22432925422130462,0.33963709706546635,0.45735234682182074,0.5780785962241332,0.005073544435783188,0.010030074789506094,0.015249289525720165,0.020933639582437037,0.02715962200945109
1717770016506469011,0.08174582850937875,0.16347889702318952,0.2451798235819006,0.32681955558287934,0.40835454338208665,-0.00046771293590876185,-0.0019788965798290684,-0.004715267204112468,-0.008890545845923008,-0.014759628068918416,0.11863567309563283,0.2328137961101879,0.346966717427344,0.4627130042826263,0.5805679982390972,0.005513160953946793,0.010758554776803613,0.016218594120027494,0.022220819593377888,0.02892053150410982
1717770016589828968,0.08174518875047598,0.16347264742954865,0.24515583905839064,0.32675421488101397,0.40820654466756806,-0.0005498007257099884,-0.002325081719191299,-0.005539890928812813,-0.010449618484094368,-0.017363321751575927,0.11148884563184819,0.2242110274733814,0.3394468230161921,0.45706325212275234,0.5776543745494644,0.006166988083420281,0.012397313225080487,0.01909335889221525,0.026498243487307796,0.034751570819204526
1717770016674019813,0.0817441884662775,0.16346400936743274,0.2451224474852542,0.32666254982060533,0.407997045113257,-0.0006455824773415163,-0.002731167481962037,-0.0065126811623675025,-0.012299997610326706,-0.020473671658158377,0.11848925667672161,0.23252180843993786,0.3465209431290379,0.462101297620769,0.5797783225830334,0.007989557974654513,0.015706698213301395,0.023775853223272334,0.03255032807455394,0.04216116643066892
1717770016757651090,0.08174290602682902,0.16345196186964722,0.245075251212649,0.32653169060361104,0.4076945371190373,-0.0007590172708102372,-0.003214736072380047,-0.007677914016061678,-0.014530472202396456,-0.0242483190534446,0.11132597517777318,0.22386201548036944,0.33887404318692055,0.45624064353438065,0.5765553800122765,0.008994682447398606,0.018148663775992644,0.027865277603060096,0.03837355235830111,0.04982799160796322
1717770016841604709,0.08174104577699375,0.16343466343053728,0.24500707522530316,0.3263406465098368,0.40724750693364103,-0.0008954310920338333,-0.0037995927963810953,-0.009095884511884676,-0.01726254747852853,-0.02890367831032742,0.11821375923121775,0.2319679825379464,0.34566305458801305,0.4608984316238957,0.5781794891836354,0.01123659694762515,0.022205880644999804,0.033657628338837384,0.046008849935198846,0.059429524444026924
1717770016923373937,0.08173832172157465,0.16340938515376005,0.2449063647203344,0.326055053672496,0.4065701494065081,-0.0010621123616222185,-0.004518478922987066,-0.010849870826228816,-0.02066446567397029,-0.03473885532662446,0.11092102648612281,0.22303595916861899,0.3375984238849453,0.4544832293478567,0.5742801185455535,0.01289693921574801,0.02607893499711513,0.04000929538155085,0.05490423517611546,0.07092444911992234
1717770017006888628,0.08173431504104837,0.1633715594366944,0.24475386689134504,0.3256168227095436,0.4055168185829781,-0.0012691795464887605,-0.005417013847980574,-0.013056125317039488,-0.024970463800393763,-0.042165477102353285,0.11768914120178955,0.23088605451415187,0.3439498959444669,0.45847167790244964,0.5749423988286076,0.015890953136411475,0.031539946577897764,0.047854649327204866,0.0653344472824381,0.08420143897879172
1717770017088572740,0.08172821256733903,0.1633134456646293,0.24451653041847365,0.32492629093367154,0.40383850799322085,-0.0015308404407118302,-0.006559332375755833,-0.01587749268838426,-0.03050446219399066,-0.05173440566273235,0.1100542086369717,0.22123419957488688,0.3347622188535351,0.45048468044619644,0.568965989678645,0.018585512192906304,0.03786990090458506,0.05840684846723491,0.08043212120525811,0.10417473544869288
1717770017172432184,0.0817187230610559,0.16322160553705437,0.24413722302559407,0.32381197150855884,0.4011201778894531,-0.0018671614687653148,-0.008035567523448556,-0.019539508999209677,-0.0376994361773594,-0.0641253656931518,0.11622070642716835,0.2278560065989741,0.33917660955945644,0.4517458053450265,0.5660287911857805,0.02431230055495956,0.04849690978513416,0.07380585475303103,0.10087741106848987,0.12998296761048975
1717770017256064176,0.08170342884802093,0.16307263155073648,0.2435171956466634,0.3219888650806365,0.3967302714098902,-0.002306252290677283,-0.009969846392259105,-0.024340671293972545,-0.047080188018164625,-0.08000758552953208,0.10769867852277272,0.21632481735103848,0.3270455224466772,0.4397230905806972,0.5549029936279728,0.029080657874907045,0.059322982371287636,0.09140506067315633,0.12554358792976553,0.1620158467688524
1717770017339396953,0.08167832381132907,0.1628263232467202,0.24249482410279405,0.3190359918366696,0.3899284795887,-0.002886042688715316,-0.012521948903138696,-0.03062770754370178,-0.05912228542934418,-0.09961449260963731,0.11271342996984487,0.22073691731086958,0.3281698361647198,0.4365734937285064,0.5463964446386075,0.03732918616289797,0.07423025878056431,0.11243633381202009,0.15278422069042233,0.19559776994453099
1717770017422689676,0.08163645240536346,0.16241924239241873,0.24084587009775016,0.3145199095292608,0.3804209948685446,-0.0036521417834234353,-0.01585990023908945,-0.038658044762614835,-0.0738361569326529,-0.12199371904648451,0.10302854497122302,0.20643998414626633,0.3112861605738036,0.4174142851806423,0.5252526905149015,0.04264368707313254,0.08722524956299191,0.1345612791996393,0.18494793482859717,0.23884898822095696
1717770017509019136,0.08156804569405497,0.16177513448401368,0.23840167372693324,0.3084961465817169,0.369382151393594,-0.004641384088515308,-0.020046390897533288,-0.0482197319428703,-0.09003920961599665,-0.14440999336854302,0.10441723058898432,0.20402655008104237,0.3025565648160887,0.40144452817315174,0.5011201214323822,0.05588193566418605,0.1110168056658804,0.1679580081781066,0.22782292830666917,0.29096016984617046
1717770017589775562,0.08146486339343212,0.16088162659698538,0.23542304571575773,0.30230218214276305,0.3599935227351685,-0.005828152300313704,-0.02475805943886862,-0.05800983643503291,-0.10481228101430783,-0.16260161572567502,0.0929009734281645,0.1857920738030808,0.27959398004790226,0.374504465141052,0.47105433897404425,0.06204692035930387,0.12565867241375703,0.19179816655518034,0.26082716075888795,0.3331958332020352
1717770017672293663,0.08133953029020861,0.15996795209186293,0.23301509487078462,0.29859421748461074,0.3563091868588006,-0.007017440713807123,-0.028918927481244857,-0.0653524647738811,-0.11400713220602092,-0.1718158228725629,0.09407983169019977,0.18403727855443908,0.273209938852077,0.36318616113920205,0.45445719925516964,0.07237273531852473,0.14220317804851676,0.21251190407306547,0.28477513389331044,0.3593896414532422
1717770017756544828,0.0812499189010068,0.15955190799270577,0.23264340718429036,0.2995968588444368,0.3605631797695033,-0.007781678239488997,-0.030848672237440828,-0.06725651111395127,-0.11405499097426348,-0.16845762155320368,0.08640489515066582,0.1737539495377063,0.2631098733100801,0.35476457601019196,0.44934618677765376,0.07074696717847447,0.14163094002317408,0.21345997732207217,0.2866457845814253,0.3615454319559689
1717770017839683771,0.08126434832765221,0.15995875501644366,0.23460992093484256,0.3048344471535563,0.37086951764315446,-0.007706711276549522,-0.029503232596027464,-0.06267047296159439,-0.10444432146043431,-0.1525925303743198,0.09430731957863357,0.18584315833442092,0.2782630675146815,0.3731157337601636,0.47088861615906563,0.07198270050984261,0.13972181087754248,0.20588706522643505,0.27183046866840044,0.3378271285672017
1717770017922722578,0.08137044621327807,0.1608746213773793,0.23762358657935406,0.3114367912492445,0.3824748940611551,-0.006837285191022858,-0.025597576711133174,-0.05363567296378389,-0.08871403342350632,-0.12913539533374882,0.09458408722311748,0.19126159740829926,0.2911029865361381,0.3940659186896905,0.5006434348432092,0.05910595990567778,0.11680534226884992,0.17404745846322958,0.23103178033286803,0.2880550724349615
1717770018005531549,0.08149380358515103,0.16177290658176152,0.24029640974691527,0.31694769624397473,0.3918060554381025,-0.005623378314540193,-0.020848493194449657,-0.043496672080476015,-0.0718670585448879,-0.1046902624200627,0.10661207275770286,0.21014519043170135,0.31465950017009325,0.42157920497690116,0.5313134317777419,0.05184312993537995,0.09964391363506753,0.14557774942601104,0.19051279444692532,0.234687797492031
1717770018091871738,0.08158820907874487,0.1624191702471286,0.24215208175238737,0.32069745386167997,0.3980849877751759,-0.0044612375379318985,-0.016512638816480518,-0.03448376489942115,-0.057105903924745405,-0.08342762457571974,0.10520455071924899,0.212179234841812,0.32212799332839936,0.4349057018920927,0.551034730455307,0.03759447564257391,0.07361361418398576,0.1087616778470326,0.14325949653851988,0.17736644904398566
1717770018173618793,0.08164901920853777,0.16282673284549834,0.24331111821877943,0.32303195389135164,0.4019942496162276,-0.003509731964864414,-0.01302169067324852,-0.02728354065680671,-0.0453459807717841,-0.0664871170756552,0.11492019237426233,0.2258430899870445,0.3370696737811248,0.4501451710723942,0.5655321563616807,0.03006298837441698,0.057609926261859554,0.08401272248112554,0.1099456383150096,0.13568500560884247
1717770018255049943,0.08168587884306554,0.16307293158605807,0.24401280532288105,0.3244508955162643,0.4043819431506592,-0.0027777234258282843,-0.010346362648151716,-0.021765654338425828,-0.03631575524538707,-0.05343977666657379,0.10956772625464456,0.22042595115178681,0.3337830016172609,0.4495412670269298,0.568272042262958,0.022205189675986014,0.04388221256707177,0.06561570300142944,0.08770986437494815,0.1104492321472652
